en	hu	la	pl	ja	zh	num	s	l	def	%comment
-able	-ható	-bilis	-alni	dekiru できる	ke3- 可	21	e	G	gen allow {gen stem_ =agt}, "_-able" mark_ stem	%detestable
-er	-bb	-ior/-ius	-szy	yori より    bi3jiao4 比较	14	e	G	er_, =agt has quality, "_-er" mark_ stem_[quality], "than _" mark_ =pat, =pat has quality	%
-er	-ó	-tor/-trix	-arz	-sha 者	 -zhe3 者	3627	e	G	stem_-er is_a =agt, "_ -er" mark_ stem_	  %nomen agentis
-est	leg...bb	-issimus	naj...szy	ichiban 一番 	zui4- 最	3625	e	G	er_ all   %
-est	leg...bb	-issimus	naj...szy	ichiban _ 一番	zui4- 最	1513	e	G	er_ other   %
-ing	-ás	-endi	-anie	_ koto		2	e	G	stem_-ing is_a event, "_-ing" mark_ stem_ 	%
-ist	-ista	-tor/-trix	-owiec	-ka 家	 -zhu3yi4zhe3 主意者	29	e	G	person[<profession>], think {stem_[important]}, "_-ist" mark_ stem_	%
-ize	-izál			-ka-suru 化する 	 -hua4 化	17	e	G	cause_ after({=pat has property, stem_ has property}), "_-ize" mark_ stem	%
-th	-ad	-ias	-ta	bun 分の -fen1zhi1 分之	4	e	G	part, in whole, before(divide)	%
-th	-adik	-imus	-ty	ban me 番目	di4- 第	5	e	G	position, in sequence	%
=agt	nom	nom	nom	ga が		3225	p	G	/=agt	% %
=pat	acc	acc	acc	o を		3376	p	G	/=pat	% %
acid	sav	acidum	kwas	san 酸	suān 酸	2064	e	N	substance, <burn>, has taste[sharp,sour], lack kind	%
act	tesz	ago	działać	suru する	zuo4 做	2373	e	V	do	%
act	tett	factum	akt	kōi 行為	xing2wei2 行为	2379	e	N	act/2373	%
action	cselekvés	actio	działanie	kōdō 行動	xing2dong4 行动	399	u	N	person do	%
activity	tevékenység	industria	czynność	katsudō 活動	huo2dong4 活动	2383	e	N	act	%
add	hozzáad	addo	dodawać	kuwaeru 加える	jia1 加	1859	e	V	=agt cause_ {=pat in place}, "to/2743 _" mark_ place	%
after	után	post	po	ato 後	zai4...zhi1hou4 在...之后	2533	c	G	follow, in order/2739	%
aggressive	agresszív	pugnax	agresywny	kōgeki-teki 攻撃的	qin1lüe4de 侵略的	3338	e	A	angry, threaten, want [fight,attack,defeat]	%
agriculture	mezőgazdaság	agricultura	rolnictwo	nōgyō 農業	nong2ye4 农业	3603	e	N	practice, raise/1788 crop, raise/1788 animal	%
aim	cél	finis	cel	mokuteki 目的	mu4di4 目的	363	e	N	purpose	%
air	levegő	aer	powietrze	kúki 空気	kong1qi4 空气	1540	c	N	gas, life need, Earth has	%
alcohol	alkohol	alcohol	alkohol	sake 酒	jiu3jing1 酒精	158	e	N	liquid, <drink>, <cause_ person[drunk]>	%
all	mind	omnis	wszyscy	subete 全て	dou1 都	1695	u	N	gen, whole	%
allow	enged	sino	pozwolić	yurusu 許す	yun3xu3 允许	670	e	V	=agt lack {=agt stop =pat}	%
amount	mennyiség	numerus	ilość	ryō 量	liang4 量	1666	u	N	quantity	%
anger	düh	furor	gniew	ikari 怒り	fen4nu4 愤怒	488	c	N	feeling, bad, strong, aggressive	%
angry	haragos	iratus	zły	okotte 怒っている	fen4nu4de 愤怒的	999	u	A	anger	%
animal	állat	animal	zwierzę	dōbutsu 動物	dong4wu4 动物	78	u	N	live, move	%
area	terület	regio	teren	chi'iki 地域	di4qu1 地区	2366	e	N	place/2326, in country, <has border>	%
arm	kar	bracchium	ramię	ude 腕	ge1bo 胳膊	1231	c	N	organ, long, human has body, body has, limb, hand at, wrist at, shoulder at	%
around	köré	circum	dokoła	mawari 周り(に)	zai4...zhou1wei2 在...周围	1388	u	D	at, =agt[round], "around _" mark_ =pat	%
artefact	készítmény	arte_factum	artefakt	jinkōseihin 人工製品	ren2gong1zhi4pin3 人工制品	3141	u	N	object, human make	%
ash	hamu	cinis	popiół	hai 灰	hui1 灰	991	e	N	powder[<grey>,<white>,<black>], {<wood> burn} make	%
Asia	A1zsia	#	#	Ajia アジア　（亜州）	Yàzhōu 亚洲	3146	e	N	land, @Asia	%
at	-nál	apud	u	ni に	zai4 ... na4li 在 ... 那里	2744	u	G	=agt has place, =pat[place], "at _" mark_ =pat	%
atmosphere	légkör	caelum	atmosfera	taiki 大気	da4qi4 大气	3379	u	N	air, Earth has	%
atom	atom	atomus	atom	genshi 原子	yuan2zi3 原子	181	e	N	particle, lack part, small	%naive_theo:has nuclear(energy)
attack	roham	impetus	atak	kōgeki 攻撃	gong1ji1 攻击	2034	u	V	violent, <ins_ weapon>, want hurt, want damage	%
attract	vonz	attracho	przyciągać	hikitsukeru 引き付ける	xi1yin3 吸引	2664	e	V	=agt cause_ {=pat want {=pat near =agt}}	%
authority	hatóság	jurisdictio	władza	ken'i 権威	quan2wei1 权威	2811	c	N	power, command, determine, judge	%
autumn	ősz	autumnus	jesień	aki 秋	qiu1tian1 秋天	1882	u	N	season/548, follow summer, winter follow, rain in, cool/1103, leaf change colour	%
awake	éber	vigilans	czujny	okite-iru 起きている	xing3zhede 醒着的	494	e	A	conscious	%
axis	tengely	axis	oś	jiku 軸	zhou2 轴	3377	e	N	line, round around, turn around, at middle, shape has	%
bad	rossz	malus	zły	warui 悪い	huai4 坏	2043	c	A	cause_ hurt	%
bake	süt	coquo	piec	yaku 焼く	kao3 烤	2130	e	V	cook/825, =pat[<bread>, <cake>], =agt cause_ =pat[hard]	%
bark	ugat	latro	szczekać	hoeru 吠える	fei4jiao4 吠叫	2517	e	U	sound/993[short,loud], <dog> make	%
base	alap	fundamentum	podstawa	kiso 基礎	ji1chu3 基础	146	e	N	part_of whole, at bottom, whole has bottom, cause_ whole[fix]	%
beam	sugár	radius	promień	hikari 光	guang1 光	2722	e	N	line, light/739, from <sun>	%
beautiful	szép	pulcher	piękny	kirei 綺麗	mei3 美	2170	u	A	attract gen	%
bed	ágy	lectus	łóżko	beddo ベッド	chuang2 床	68	e	N	furniture, rest in	%
bee	méh	apis	pszczoła	hachi 蜂	mi4feng1 蜜蜂	1601	e	N	insect, has wing, sting, make honey	%
before	előtt	ante	przed	mae 前	yi3qian2 以前	2768	p	G	before	%
begin	kezd	incipio	zaczynać	hajimeru 始める	kai1shi3 开始	1312	e	V	after(=pat)	%
belief	hit	opinio	wiara	shinnen 信念	xin4yang3 信仰	1063	e	N	believe	%
believe	hisz	credo	wierzyć	shinjiru 信じる	xiang1xin4 相信	1062	u	V	=agt think =pat[true,real]	%
below	lent	infra	poniżej	shita 下	zai4…zhi1xia4 在...之下	1534	e	A	under	%
bend	ív	curvatura	łuk	wankyoku 湾曲	qu3xian4曲线	1112	e	N	line, lack straight/563	%
bend	hajlik	flecto	zginać_się	mageru 曲げる	wan1qu1 弯曲	975	e	V	has form[change], after(lack straight/563)	%
best	legjobb	optimus	najlepszy	sairyō 最良、ichiban yoi 一番良い	zui4hao3 最好	1515	e	A	good, -est	%
between	közé	in/inter	między	no aida ...の間	zai ... zhong1jian1 在 ... 中间	1409	e	G	=agt at =pat[place/2326], =agt separate =pat, "between _" mark_ =pat	%
big	nagy	magnus	duży	ōkii 大きい	da4 大	1744	e	A	er_ gen	%
bird	madár	avis	ptak	tori 鳥	niao3 鸟	1576	c	N	animal, make egg, has feather, has two(wing)	%
bite	harap	mordeo	gryźć	kamu かむ	yao3 咬	1001	u	V	cut, ins_ <tooth>	%
black	fekete	niger	czarny	kuroi 黒い	hei1 黑	761	e	A	colour, dark, night has colour, coal has colour	%
blade	penge	lamina	ostrze	ha 刃	dao1ren4 刀刃	1954	e	N	cut, has edge, flat, <sword> has	%
blame	hibáztat	incuso	winić	semeru 責める	ze2bei4 责备	1052	e	V	think =pat[responsible]	%
blood	vér	sanguis	krew	chi 血	xue4 血	2599	e	N	liquid, in body, red	%
blue	kék	caeruleus	niebieski	aoi 青い	qing1 青	1237	e	A	colour, sky has colour, cold	%
body	test	corpus	ciało	karada 体	shen1ti3 身体	2370	u	N	object, animal has	%
bone	csont	os	kość	hone 骨	gu3ge2 骨骼	431	e	N	material, rigid, frame, part_of body	%
book	könyv	liber	książka	hon 本	shu1 书	1384	e	N	artefact, text in, has more(page), has cover, gen read	%
border	határ	confinium	granica	sakai 境	bian1jie4 边界	1011	e	N	line, official/1065, separate <two(country)>	%
bottom	fenék	fundus	dno	soko 底	di3bu4 底部	787	c	N	part_of whole, position, deep( er_ whole)	%
bowl	kupa	scyphus	miska	utsuwa 器	wan3 碗	1462	e	N	round, wide, food in	%
box	doboz	capsa	pudełko	hako 箱	xiang1 箱	478	e	N	container, has lid, cube	%
brain	agy	cerebrum	mózg	nō 脳	nao3 脑	122	e	N	organ, control body, feel, conscious, thought in, memory in, emotion in	%
branch	ág	ramus	gałąź	eda 枝	shu4zhi1 树枝	66	u	N	part, long, from trunk, <tree has>	%
breath	lélegzet	spiritus	oddech	iki 息	qi4xi1 气息	1500	e	N	air, in lung, from lung	%
breathe	lélegzik	spiro	oddechać	kokyū-suru 呼吸する	hu1xi1 呼吸	1501	c	U	breath	%
bright	világos	clarus	jasny	akarui 明るい	ming2liang4 明亮	2629	e	A	shine	%
broadcast	sugároz	emitto	emitować	hōsō 放送	guang3bo1 广播	2135	e	V	signal, <radio,television> receive	%
brush	kefe	peniculus	szczotka	burashi ブラシ	shua1zi 刷子	1277	e	N	device, has hair/3359, has handle, clean ins_, polish ins_, paint ins_	%
building	épület	aedificium	budynek	tatemono 建物	jian4zhu4 建筑	3125	c	N	artefact, structure, has roof, has more(wall), <house>	%
bullet	golyó	glans	pocisk	dangan 弾丸	zi3dan4 子弹	901	e	N	artefact, metal, from gun	%
burn	ég	ardeo	palić	moeru (intranz) 燃える	shao1hui3 烧毁	497	c	U	fire, <=agt[wood]>, <after(ash)>	%
bus	busz	autocarrus	autobus	basu バス	gong1gong4qi4che1 公共汽车	356	e	N	vehicle, more(passenger) in, has engine, has regular(way)	%
business	üzlet	negotium	biznes	kigyō 企業	qi3ye4 企业	2974	e	N	organization, make money	%
buttocks	fenék	puga	pośladki	shiri 尻	pi4gu 屁股	3363	e	N	organ, sit on	%
buy	vesz	emo	kupować	kau 買う	mai3 买	2609	e	V	=agt receive =pat, =agt pay seller, "from _" mark_ seller	%
buyer	vevő	emptor	kupujący	kōnyūsha 購入者	mai3fang1 买方	3628	u	N	=agt, buy, -er/3627	%
calculate	számol	calculo	obliczać	keisan-suru 計算する	ji4suan4 计算	2141	e	V	=agt cause_ {=agt know =pat[number]}	%
calm	nyugodt	tranquillus	spokojny	shizuka-na 静かな	zhen4jing4 镇静	1827	c	A	quiet, lack motion, lack angry, lack nervous, lack upset	%
camera	kamera	cinematographica_machinula	kamera	kamera カメラ	zhao4xiang4ji1 照相机	1221	c	N	machine, make photograph, has lens	%
can	képes	potest	móc	dekiru できる	hui4 会	1246	u	V	<do>	%
can	konzerv	cibus_conservatus	puszka	kan 缶	guan4tou 罐头	1427	u	N	cylinder, metal, contain [<food>,<drink>]	%
car	autó	automobile	samochód	jidōsha 自動車	qi4che1 汽车	184	e	N	vehicle, has four(wheel), <has engine>	%
carbon	szén	carboneum	węgiel	sekitan 石炭	tan4 碳	3426	e	N	material, element, coal is_a, diamond is_a, graphite is_a	%
care	ápol	curo	pielęgnować	sewa o suru 世話をする、kaigo o suru 介護をする	zhao4guan3 照管	82	e	V	help, =pat[sick], =agt want {=pat feel good}, =agt think =pat[important]	%
carry	hord	fero	nosić	hakobu 運ぶ	yun4song4 运送	1080	e	V	hold, transport	%
cause	ok	causa	powód	gen'in 原因	yuan2yin1 原因	1891	u	N	reason	%
cause_	okoz	efficio	spowodować	hikiokosu 引き起こす	shi3 使	3290	u	V	before(=agt), after(=pat)	%naive
centre	középpont	centrum	centrum	chūshin 中心	zhong1xin1 中心	1412	c	N	middle	%
cereal	gabona	frumentum	zboże	kokumotsu 穀物	gu3lei4 谷类	3340	e	N	plant, <at farm>, make food, wheat is_a, rice is_a	%
chair	szék	sella	krzesło	isu 椅子	yi3zi 椅子	2163	e	N	furniture, sit ins_, has seat, has leg(four), has <back>, support person	%
change	változtat	muto	zmieniać	kaeru 変える	gai3bian4 改变	2554	u	V	after(=pat[different])	%
characteristic	tulajdonság	proprium	charakterystyka	tokuchō 特徴	te4xing4 特性	3352	e	N	is_a	%
chew	rág	rodo	źuć	kamu 噛む	ju3jue2	1983	e	N	bite, cause_ {=pat[liquid]}	%
chicken	csirke	pullus	kurczak	niwatori 鶏	ji1 鸡	412	e	N	bird, make meat, make egg 	%
child	gyerek	puer/puella	dziecko	kodomo 子供	er2zi 儿子	931	u	N	person, young, parent make	%
chin	áll	mentum	broda	ago 顎	xia4ba 下巴	73	e	N	part_of face, at centre, under mouth	%
choose	választ	eligo	wybierać	erabu 選ぶ	xuan3ze2 选择	2546	e	V	=agt cause_ {=pat for_ =agt}	%
circle	kör	circulus	koło	en 円	yuan2quan1 圆圈	1386	e	N	shape, round, close/3381, curve	%
circular	kerek	rotundus	okrągły	marui 丸い	yuan2 圆	1294	u	A	shape, resemble circle, curve	%
clean	tiszta	mundus	czysty	seiketsu 清潔	gan1jing4 干净	2389	u	A	lack dirt	%
clear	tiszta	purus	czysty	tōmei 透明	qing1 清	2390	u	A	can/1246(see through)	%easily seen through
close	csuk	claudo	zamknąć	shimeru 閉める	guan1 关	3381	u	V	move, after(part at other(part)), after(gen lack through)	%
cloth	szövet	textum	materiał	nuno 布	bu4liao4 布料	2232	e	N	material, sheet, has thread, cotton is_a	%
cloud	felhő	nubes	chmura	kumo 雲	yun2 云	770	e	N	object, visible, water, drop, in sky, <white>, <grey>	%
coal	szén	carbo	węgiel	sekitan 石炭	mei2tan4 煤炭	2169	e	N	mineral, hard, black, burn, make heat	%
cold	hideg	frigidus	zimno	tsumetai 冷たい	leng3 冷	1053	u	N	temperature, low	%
colour	szín	colour	kolor	iro 色	yan2se4 颜色	2207	c	N	sensation, light/739, red is_a, green is_a, blue is_a	%
colour	szinez	colouro	kolorować	iro o tsukeru 色をつける	ran3se4 染色	2219	c	V	add colour/2207	%
column	oszlop	columna	kolumna	hashira 柱	zhu4zi 柱子	3633	e	N	shape, tall, vertical, solid	%
command	parancs	iussum	rozkaz	meirei 命令	ming4ling4 命令	1941	e	N	speak, has authority, cause_ {person do =pat}, "dative_" mark_ person	%
common	közös	communis	wspólny	kyōyō 共有	gong4tong2 共同	1415	e	A	at many, more has, public	%
communicate	kommunikál	communicare	komunikować	hasshin 発信	gou1tong1 沟通	3145	u	U	give information	%
company	vállalat	negotiatio	firma	kaisha 会社	gong1si 公司	2549	u	N	organization, for_ business	%
compete	versenyez	contendo	rywalizować	kyōsō 競争	jing4zheng1 竞争	2608	c	U	want win, =agt has opponent, opponent want win	%
complex	összetett	complex	złożony	fukuzatsu 複雑	fu4za2 复杂	3341	e	A	has many(part), difficult(understand)	%
conduct	vezet	transmitto	przewodzić	annai-suru 案内する	dao3 导	3353	e	V	=agt cause_ {=pat move}, "to/2743 _" mark_ place, <energy[flow] in>	%
confident	magabiztos	confidens	pewny	jishin-ga-aru 自信がある	zi4xin4 自信	3027	e	A	think after(self[good])	%
conform	megfelel	aptus	zgodny	shitagau 従う	shi4he2 适合	3375	u	N	similar, <gen expect =pat>, "to _" mark_ =pat	%
connect	kapcsol	coniungo	łączyć	tsunagu 繫ぐ	lian2jie1 连接	1227	e	V	after(connected)	%
connected	kapcsolt	coniunctus	połączony	setsuzoku-shita 接続した	lian2jie1 de 连接的	3637	e	A	move(together)	%
conscious	tudatos	conscius	świadomy	ishiki-ga-aru 意識がある	you3yi4shi2 有意识	2459	c	A	notice, realize, awake, understand, deliberate, think, know	%
constant	állandó	constant	stały	ittei-no 一定の	bu4bian4 不变	3365	u	A	lack change	%
contact	érintkezés	contactus	kontakt	sesshoku 接触	jie1chu4 接触	3366	c	N	touch, =agt at =pat	%
contain	tartalmaz	contineo	zawierać	fukumu 含む	bao1han2 包含	2313	e	V	=pat in =agt	%
container	tartály	vasculum	pojemnik	kontena コンテナ	rong2qi4 容器	2801	u	N	artefact, contain	%
control	befolyás	vis	kontrola	eikyō 影響	kong4zhi4 控制	253	u	N	=agt want {=pat do} 	%add manner
cook	szakács	coquus	kucharz	kokku コック	chu2shi1 厨师	2152	e	N	person, <profession>, make food	%
cook	fől	coquitur	gotować_się	nikomu 煮込む	zhu3 煮	822	e	U	get heat	%
cook	főz	coquo	gotować	ryōri-suru 料理する	zhu3 煮	825	e	V	=agt make <=pat[food]>, ins_ heat	%
cool	hűl	frigesco	chłodzić_się	hiyasu 冷やす	bian4 liang2 变凉	1101	e	V	after(cold)	%
cool	hűvös	frigidus	chłodny	suzushii 涼しい	liang2kuai4 凉快	1103	e	A	temperature, normal er_, er_ cold	%
cord	kötél	restis	sznurek	himo 紐	sheng2suo3 绳索	1395	e	N	rope, thin/2598	%
corner	sarok	angulus	róg	kado 角	jiao3luo4 角落	2062	e	N	point, turn at, sharp, two(side) at	%
correct	helyes	rectus	poprawny	tadashii 正しい	zheng4que4 正确	1029	e	A	conform norm	%
cotton	pamut	linum_xylinum	bawełna	momen 木綿	mian2 棉	1936	e	N	plant, soft, white, fibre	%
count	számol	numero	liczyć	kazoeru 数える	suan4 算	2142	u	V	calculate, other(number) follow number	%
country	ország	terra	państwo	kuni 国	guo2 国	1913	u	N	state/76	%
court	bíróság	curia	sąd	saibansho 裁判所	fa3yuan4 法院	3124	e	N	place/1026, law ins_, judge at	%related to 2515
cover	fed	tego	okryć	oo-u 覆う	fu4gai4 覆盖	750	u	V	=agt on =pat, protect, cause_[lack{gen see =pat}]	%
cow	tehén	vacca	krowa	ushi 牛	mu3niu2 母牛	2335	e	N	cattle, female, make milk, <at farm>	%
crop	termés	messis	zbiór	sakumotsu 作物	zhuang1jia4 庄稼	2361	c	N	plant, at agriculture, product	%
cube	kocka	alea	kostka	rippōtai 立方体	li4fang1ti3 立方体	2701	u	N	shape, has four(side), has flat(top), has flat(bottom)	%
cupboard	szekrény	armarium	szafa	wádorōbu ワードローブ	gui4zi 柜子	2180	e	N	furniture, has door, has shelf, store	%
curve	görbe	curvamen	krzywa	kyokusen 曲線	qu1xian4 曲线	898	u	N	line, lack straight/563, lack plane/2090, bend/1112, direction lack constant	%
cut	vág	seco	ciąć	kiru 切る	qie4 切	2542	u	V	separate, ins_ edge	%RA
cutlery	evőeszköz	ferramentum	sztućce	katorarī カトラリー	dao1ju4 刀具	3354	c	N	knife is_a, fork is_a, spoon is_a, for_ eat	%
cylinder	henger	cylindrus	cylinder	tsutsu 筒	yuan2tong3 圆筒	2704	u	N	shape, round(column), has flat(bottom), has flat(top)	%
damage	kár	damnum	szkoda	songai 損害	sun3hai4 损害	1209	u	N	bad(situation)	%
danger	veszély	periculum	niebezpieczeństwo	kiken 危険	wei1xian3 危险	2610	u	N	can/1246(harm)	%
dark	sötét	obscurus	ciemny	kurai 暗い	hei1an4 de 黑暗的	2110	u	A	lack light/739	%
day	nap	dies	dzień	hi 日	tian1 天	1754	c	N	period, week has, month has, has more(hour), sun on sky, work at	%
death	halál	mors	śmierć	shi 死	si3wang2 死亡	981	e	N	end, life has	%
decide	dönt	decerno	decydować	kimeru 決める	jue2ding4 决定	471	u	U	want, before(=agt has more(possibility)), after(=pat)	%ZsA
decorate	díszít	decoro	udekorować	kazaru 飾る	zhuang1shi4 装饰	2736	e	V	=agt cause_ {=pat[beautiful]}	%
deep	mély	altus	głęboki	fukai 深い	shen1 深	1602	e	N	has bottom[far]	%
defeat	legyőz	vinco	pokonać	katsu 勝つ	da3bai4 打败	1520	u	V	before(compete), =agt has success, =agt cause_ {=pat lose}, after(=agt control =pat)	%
defend	véd	defendo	bronić	mamoru 守る	bao3hu4 保护	2592	e	V	=agt cause_ {=pat[safe]}	%
deliberate	szándékos	consulto	celowy	wazato わざと	gu4yi4 故意	2814	e	A	do, conscious, =agt want effect/1014	%
desire	vágyik	desidero	pragnąć	hoshii 欲しい	yu4wang4 欲望	2544	e	V	feeling, want	%
detail	részlet	pars	szczegół	shōsai 詳細	xi4jie2 细节	1999	e	N	part_of information, exact	%
determine	meghatároz	determino	ustalać	ni yotte sadamerareru によって定められる	que4ding4 确定	1627	e	V	decide	%HUN elhata1roz
device	készülék	structura	urządzenie	sōchi 装置	she4bei4 设备	3142	u	N	artefact, machine	%
diamond	gyémánt	adamas	diament	daiyamondo ダイヤモンド	zuan4shi2 钻石	925	e	N	hard, mineral, lack colour, <jewellery>	%
different	más	diversus	inny	chigau 違う	bu4tong2 不同	1566	u	A	=pat has quality, =agt lack quality, "from _" mark_ =pat	%
difficult	nehéz	difficilis	trudny	muzukashii 難しい	nan2 难	1771	u	A	act need large(effort), "to/3600 _" mark_ act	%
dimension	dimenzió	dimensio	wymiar	haba 幅	wei2du4 维度	3355	e	N	quantity, size, place/2326 has	%
direction	irány	directio	kierunek	hōkō 方向	fang1xiang4 方向	1148	u	N	relation, has end, in space/2327	%
dirt	kosz	sordes	brud	yogore 汚れ	wu1gou4 污垢	1438	e	N	soil is_a, mud is_a, dust is_a	%
disease	kór	morbus	choroba	byōki 病気	ji2bing4 疾病	1370	e	N	bad(situation), organ in	%
distance	táv	distantia	odległość	kyori 距離	ju4li2 距离	2290	u	N	space/2327 has size, space/2327 between	%
disturb	zavar	turbo	przeszkadzać	jama-suru 邪魔する	da3rao3 打扰	2673	e	V	interrupt, =agt cause_ {=pat lack calm}	%
divide	oszt	divido	dzielić	wakeru 分ける	fen1 分	1919	u	V	split	%
do	tesz	facio	robić	suru する	zuo4 做	2372	u	V	cause, =agt[animal], =pat[happen]	%
dog	kutya	canis	pies	inu 犬	gou3 狗	1465	e	N	animal, has leg(four), bark, bite, faithful	%
door	ajtó	foris	drzwi	doa ドア	men2hu4 门户	128	u	N	artefact, at entrance, open/1814, close/3381	%
dot	pont	punctum	kropka	ten 点	dian3 点	1968	e	N	mark, small, round  	%
down	le	deorsum	w_dół	shita 下	xia4 下	1498	e	D	vertical(gen er_)	%
drink	iszik	bibo	pić	nomu 飲む	he1 喝	1161	e	V	=pat[liquid,<alcoholic>] in mouth, =agt has mouth, =agt swallow	%
drink	ital	potio	napój	nomimono 飲み物	yin3liao4 饮料	1164	e	N	liquid, in mouth, swallow, <alcoholic> 	%
drive	vezet	rego	prowadzić	unten-suru 運転する	jia4shi3 驾驶	2614	e	V	=agt cause_ {=pat move}, <=pat[car]>, control	%
drop	ejt	demitto	upuścić	otosu 落とす	diao4 掉	588	u	V	fall/2694	%
drunk	ittas	potus	pijany	yopparatta 酔っ払って	zui4 醉	1165	c	A	quality, person has quality, alcohol cause_, lack control	%
dry	száraz	siccus	suchy	kawaita 乾いた	gan1zao4 干燥	2145	e	A	lack wet	%anto
dust	por	pulvis	kurz	hokori ほこり	hui1chen2 灰尘	1970	u	N	substance, fine, dry, particle, powder, <dirt>	%
ear	fül	auris	ucho	mimi 耳	er3duo 耳朵	870	e	N	organ, hear ins_	%
early	korai	maturus	wczesny	hayai 早い	zao3 早	1431	e	A	time, gen er_ time	%
earth	föld	terra	ziemia	chikyū 地球	di4qiu2 地球	815	c	N	planet, in space/2509, life on, ocean on, land on, has atmosphere	%
easy	könnyű	facilis	łatwy	kantan 簡単	rong2yi4 容易	1380	e	A	lack difficult	%antonym
eat	eszik	edo	jeść	taberu 食べる	chi1 吃	700	e	V	=agt cause_ {=pat in mouth}, swallow, <=pat[food]>, <bite/1001>, <chew>, =agt has mouth	%
edge	él	acies	ostrze	fuchi 縁	bian1yan2 边沿	503	c	N	part, thin/2598, <sharp>, blade has, cut, instrument has	%
effect	hatás	effectus	rezultat	eikyō 影響	ying3xiang3 影响	1014	u	N	<event> cause_	%
effort	erőfeszítés	labor	wysiłek	doryoku 努力	nu3li4 努力	687	u	N	use energy, try	%
egg	tojás	ovum	jajo	tamago 卵	dan4 蛋	2422	c	N	food, round, animal make, animal[female], <animal[chicken]>, has thin/2598(shell)	%
electric	villamos	electricus	elektryczny	denki 電気	dian4qi4 电气	2633	u	A	has electricity	%
electricity	áram	fluidum_electricum	elektryczność	denki 電気	dian4li4 电力	88	e	N	liquid, has power, move<device>, <in wire>	%
element	elem	elementum	pierwiastek	genso 元素	yuan2su4 元素	3452	u	N	material, has atom(same)	%
elephant	elefánt	elephantus	słoń	zō 象	da4xiang4 大象	605	c	N	animal, large, eat <grass>, lack hair/3359, has long(nose), has large(ear), has tusk[ivory]	%
emotion	érzelem	affectus	emocja	kanjō 感情	gan3qing2 感情	3010	u	N	state/77, in mind, feeling	%
empty	üres	vacuus	pusty	kara 空	kong1 空	2501	e	A	lack {gen in}	%
enclose	bezár	obsero	zamknąć	kakomu 囲む	wei2zhu4 围住	285	e	V	around, =agt cause_ {=pat[shut/2668]}	%
end	vég	finis	koniec	owari 終わり	zhong1duan1 终端	2596	u	N	part, after(lack exist)	%
energy	energia	energia	energia	katsuryoku 活力	huo2li4 活力	2804	e	N	work[physical]	%
engine	gép	machina	silnik	kikai 機械	fa1dong4ji1 发动机	893	u	N	machine, cause_ move	%HUN motor % CONSUME fuel
enter	belép	intro	wejść	hairu 入る	jin4 进	258	e	V	go, after(=agt in =pat)	%
entrance	bejárat	porta	wejście	iriguchi 入口	ru4kou3 入口	256	u	N	place/1026, {<person>[enter]} through, <door>	%
equipment	berendezés	apparatus	urządzenie	kigu 器具	she4bei4 设备	2788	e	N	tool, gen has	%
er_	-bb	-ior/-ius	-szy	yori より	geng4 更 _	3272	p	G	er_	%
event	esemény	eventum	wydarzenie	dekigoto 出来事	shi4jian4 事件	692	u	N	activity, at place/1026, <important>	%
exact	exakt	exactus	dokładny	seikaku 正確	zhun3que4 准确	705	e	A	correct, lack different	%
exchange	csere	mutatio	wymiana	kōkan 交換	jiao1huan4 交换	405	u	N	before(=pat at person), after(=pat at other(person))	%
exist	van	exsto	być	sonzai-suru 存在	cun2zai4 存在	2587	u	V	real	%
expect	vár	exspecto	spodziewać_się	kitai-suru 期待する	qi1dai4 期待	2557	e	V	=agt think {=pat[real] at future}	%
experience	tapasztal	experior	doświadczać	keiken-suru 経験する	jing1yan4 经验	2308	e	V	after(=agt remember =pat), =pat[real]	%
express	kifejez	effor	wyrazić	hyōgen-suru 表現	biao3shi4 表示	2757	e	V	=agt cause_ {gen know =pat}	%
extreme	rendki2vüli	nimius	skrajny	kyokutan 極端	ji2duan1 极端	2786	e	A	er_ gen	%
eye	szem	oculus	oko	me 目	yan3jing 眼睛	2182	u	N	organ, see ins_, animal has, on face, <two>	%
face	arc	vultus	twarz	kao 顔	lian3 脸	177	c	N	organ, surface, front, part_of head, forehead part_of, chin part_of, ear part_of, jaw part_of	%
fact	tény	factum	fakt	jijitsu 事実	shi4shi2 事实	2323	e	N	has proof[exist]	%
faith	hit	fides	wiara	shinkō 信仰	xin4xin1 信心	1064	c	N	belief, religious	%
faithful	hű	fidus	wierny	chūjitsu 忠実	zhong1shi2 忠实	1099	e	A	has faith	%
fall	ősz	autumnus	jesień	aki 秋	qiu1tian1 秋天	1883	e	N	autumn	%ND
fall	zuhan	cado	spadać	ochiru 落ちる	luo4xia4 落下	2694	e	U	move, after(down)	%
family	család	familia	rodzina	kazoku 家族	jia1 家	383	e	N	group, <two>(parent) part_of, <more>(child) part_of	%
far	messze	procul	daleko	tōi 遠い	yuan3 远	1678	u	A	distance[great]	%
fast	gyors	celer	szybki	hayai 速い	kuai4 快	940	e	A	quick	%
fat	zsír	adeps	tłuszcz	shibō 脂肪	zhi1fang2 脂肪	3337	e	N	substance, soft, <in food>, <under skin>	%
fear	félelem	timor	strach	kyōfu 恐怖	kong3bu4 恐怖	734	u	N	sensation, danger cause_, <anxiety>	%
feather	toll	penna	pióro	hane 羽	yu3mao2 羽毛	2427	e	N	organ, soft, at bird	%
feel	érez	sentio	czuć	kanjiru 感じる	jue2de 觉得	521	u	V	=pat in mind, =pat at body, =agt has body, =agt has mind	%
feeling	érzés	sensus	uczucie	kimochi 気持ち	gan3jue2 感觉	533	u	N	liquid, in mind, joy is_a, sorrow is_a, fear is_a, anger is_a	%spontaneous? other cause_ ?
female	nő	femina	samica	josei 女性	nü3 女	1794	u	N	sex	%
fibre	rost	fibra	błonnik	sen'i 繊維	xian1wei2 纤维	3357	c	N	in food, cause_ health, thread, in rope, in cloth, thin/2598, natural, in wood	%
fight	harc	pugna	walka	tatakai 闘い	zhan4dou4 战斗	1002	c	N	person want {harm at other(person)}, ins_ weapon	%
fine	finom	elegans	dobry	sensai 繊細	xi4wei1 细微	809	e	A	small, light/1381, thin/2598	%
finger	ujj	digitus	palec	yubi 指	zhi3 指	2522	e	N	part_of hand, long, thin/2598	"%""has four fingers"", de ""has o2t ujj"""
fire	tűz	ignis	ogień	hi 火	huo3 火	2454	c	N	substance, cause_ heat, cause_ light/739, has flame, burn, <cause_ smoke>	%
firm	szilárd	firmus	stały	antei 安定	wen3gu4 稳固	2215	e	A	rigid, lack soft 	%
firm	cég	domus	firma	kaisha 会社	gong1si 公司	362	e	N	company/2549[<small>]	%
first	első	primus	pierwszy	ichiban 一番	di4yi1 第一	649	c	A	-th/5[one], lack before, second/1569 follow	%
five	öt	quinque	pięć	go 五	wu3 五	2989	e	A	number, follow four	%
fix	rögzít	firmo	przymocowywać	kotei-suru 固定する	ding4 定	2026	u	V	=agt cause_ {=pat[stable]}	%
flame	láng	flamma	płomień	honoo 炎	huo3yan4 火焰	1473	e	N	air, hot, light/739 from, fire has	%
flat	lapos	planus	płaski	taira 平	ping2mian4 平面	1493	c	A	has surface, horizontal, lack slope, lack curve	%
flesh	hús	caro	mięso	niku 肉	rou4 肉	1093	u	N	material, soft, muscle	%
flexible	hajlékony	flexibile	elastyczny	jūnan 柔軟	tan2xing4 弹性	3371	e	A	can/1246(change), can/1246(bend/975)	%
floor	padló	coaxatio	podłoga	yuka 床	di4ban3 地板	1932	e	N	surface, room/2235 has, stand on	%
flour	liszt	farina	mąka	komugiko 小麦粉	mian4fen3 面粉	1545	e	N	food, from/2742 grain	%
flow	folyik	fluo	płynąć	nagareru 流れる	liu2 流	847	u	V	<liquid> move[smooth]	%
flower	virág	flos	kwiat	hana 花	huar1 花儿	2637	e	N	plant has, <has colour>	%
fly	repül	volo	latać	tobu 飛ぶ	fei1 飞	2018	u	U	move, =agt in air, control	%
follow	követ	sequor	podążać	tsuzuku 続く	gen1sui2 跟随	1400	u	V	=agt has direction, =pat has direction, after(=agt), before(=pat)	%
food	étel	cibus	jedzenie	tabemono 食べ物	fan4 饭	542	u	N	material, gen eat	%
foot	láb	pes	stopa	ashi 足	jiao3 脚	1466	e	N	organ, leg has, at ground	%
for	-ért	pro	za	de で	wei4 为	2824	p	G	exchange_, "for _" mark_ money	%hidden primitive: thing of value
for_	-ért	pro	dla	tame ni 為に	wei4 为	2782	p	G	for_	%used as instrument, dative of purpose
force	erő	vis	siła	chikara 力	li4 力	683	u	N	power	%
forehead	homlok	frons	czoło	hitai 額	qian2e2 前额	1077	e	N	part_of face, front, eye under, hair at, at temple/982	%
fork	villa	furca	widelec	fōku フォーク	cha1 叉	2630	e	N	cutlery, <metal>, has {<four>(branch)}, has handle, {move food} ins_	%
form	alak	forma	forma	katachi 形	yang4zi 样子	141	e	N	object has	%
four	négy	quattuor	cztery	yon 四	si4 四	2988	u	A	number, follow three	%
frame	keret	forma	rama	waku 枠	kuang4jia4 框架	1303	u	N	artefact, has part[more, together], structure, give shape, fix, border	%
frequent	gyakori	frequens	częsty	hinpan 頻繁	pin2fan2 频繁	919	e	A	often	%
fright	ijedelem	terror	przestrach	kyōfu 恐怖	jing1xia4 惊吓	2812	e	N	sudden, intense, fear	%
frighten	ijeszt	terreo	straszyć	odokasu 脅かす	xia4 吓	2916	e	V	cause_ fear  	%
from	-ból	ab	z	kara から	cong2 从	2742	u	G	before(in =pat), after(far)	%
front	elej	pars_prior	przód	mae 前	qian2 前	608	u	N	part, first	%?
fruit	gyümölcs	fructus	owoc	kudamono 果物	shui3guo3 水果	945	e	N	part_of plant, seed part_of, food, sweet, has flesh	%
fur	prém	pellis	futro	kegawa 毛皮	mao2pi2 毛皮	1974	e	N	hair/3359, cover skin, mammal has	%
furniture	bútor	supellex	meble	kagu 家具	jia1ju4 家具	343	c	N	object, in room/2235, chair is_a, table is_a, bed is_a, cupboard is_a	%
further	további	reliquus	dalszy	sore-ijō-no それ以上の	jin4yi1bu4 进一步	2435	u	A	more	%
future	jövő	futura	przyszłość	mirai 未来	jiang1lai2 将来	1197	u	N	time, follow now	%
gas	gáz	gasium	gaz	gasu ガス	qi4 气	885	u	N	substance, thin/1038, air is_a	%
gen	akár-	ubicumque	-kolwiek	/demo でも	ren4he2 任何	3635	p	N	gen	%  %
get	jut	nanciscor	dostawać	eru 得る	dao4 到	1206	e	V	after(has)	%
get	kap	accipio	dostawać	morau もらう	de2dao4 得到	1223	e	V	after(=agt has =pat), after(has)	%
give	ad	do	dawać	ageru あげる	gei3 给	113	e	V	=agt cause_ {person has =pat}, dative_ mark_ person	%
go	megy	eo	iść	iku 行く	qu4 去	1654	u	U	move, ins_ leg, =agt has leg	%
good	jó	bonus	dobry	ii 良い	hao3 好	1189	u	A	gen want	%
govern	vezet	gero	rządzić	tsukasadoru 司る	zhi4li3 治理	2615	e	V	control system[<country>], =agt has power	%
government	kormány	gubernium	rząd	seifu 政府	zheng4fu3 政府	1433	e	N	authority, country has, people in	%
grain	szem	granum	ziarno	tsubu 粒	li4 粒	2183	c	N	seed, small, dry, cereal has	%
graphite	grafit	graphium	grafit	sekiboku 石墨	shi2mo4 石墨	3601	e	N	material, black, soft, is_a carbon	%
great	nagy	magnus	wielki	ōkii 大きい	da4 大	1746	e	N	big	%
green	zöld	viridis	zielony	midori 緑	lü4 绿	2679	e	A	colour, plant has colour	%
grey	szürke	canus	szary	hai-iro 灰色	hui1se4 灰色	2268	e	A	colour, dark(cloud) has	%
ground	talaj	solum	ziemia	jimen 地面	di4mian4 地面	2297	e	N	surface, solid, at Earth	%
group	csoport	caterva	grupa	grūpu グループ	qun2 群	432	c	N	member[several], together	%
grow	nő	cresco	rosnąć	nobiru 伸びる	zeng1zhang3 增长	1796	e	U	after(size(er_ gen))	%
gun	puska	sclopetum	strzelba	jū 銃	qiang1 枪	1980	c	N	weapon, has[metal(tube)], cause_ bullet[move], shot ins_	%
hair	szőr	coma	włosy	ke 毛	mao2 毛	3359	u	N	organ, fine, thread, grow, long, on body, animal has body	%
hand	kéz	manus	ręka	te 手	shou3 手	1264	c	N	organ, part_of arm, human has arm, for_ [move gen], wrist part_of, palm part_of, five(finger) part_of, thumb part_of	%four(finger), de o2t(ujj)
handle	fogó	manubrium	rączka	totte 取っ手	ba3shou3 把手	834	u	N	part_of object, for_ hold(object in hand)	%
happen	történik	fio	stać_się	okoru 起こる	fa1sheng1 发生	2418	e	V	change	%
hard	kemény	durus	ciężki	katai 硬い	ying4 硬	1291	u	A	gen lack bend/975, gen lack soft	%
harm	sérülés	vulnus	szkoda	higai 被害	shang1hai4 伤害	2067	u	N	bad	%
has	bír	habeo	mieć	motte iru 持っている	you3 有	288	p	V	=agt control =pat, =agt has =pat	%
head	fej	caput	głowa	atama 頭	tou2 头	756	u	N	organ, brain in, face on, top	%
health	egészség	sanitas	zdrowie	kenkō 健康	jian4kang1 健康	554	e	N	healthy	%
healthy	egészséges	sanus	zdrowy	genki 元気	jian4kang1 健康	555	u	A	has body, body in good(situation)	%
hear	hall	audio	słyszeć	kiku 聞く	ting1jian4 听见	987	c	V	=agt perceive =pat[sound/993], ins_ ear	%
heat	hő	calor	gorąco	netsu 熱	re4 热	1070	u	N	energy, warm	%
heavy	nehéz	gravis	cieżki	omoi 重い	zhong4 重	1772	e	A	weight(er_ gen)	%
height	magasság	altitudo	wysokość	takasa 高さ	gao1du4 高度	1583	e	N	distance, vertical	%between {base/146,top}
help	segít	adiuvo	pomagać	tetsudau 手伝う	bang1zhu4 帮助	2072	u	V	=agt cause_ {=pat succeed/2718}, =agt together =pat	%
high	magas	altus	wysoki	takai 高い	gao1 高	1582	u	A	top er_ gen, has top	%
hill	domb	collis	wzgórze	oka 丘	qiu1 丘	482	e	N	on land, high, mountain er_	%
hold	tart	teneo	trzymać	motsu 持つ	na2zhe 拿着	2309	u	V	=pat in hand, =agt has hand	%
hole	lyuk	foramen	dziura	ana 穴	kong3xue2 孔穴	1557	u	N	empty(place/2326), in solid	%
hole	lyuk	foramen	dziura	ana 穴	kong3xue2 孔穴	1557	u	N	empty(place/2326), in solid	%
hollow	üreges	cavus	pusty	kūdō 空洞	kong1dong4 空洞	2500	e	A	hole in	%
home	otthon	domus	dom	ie 家	jia1 家	1924	e	N	place/1026, =agt at, "_'s" mark_ =agt	%
honey	méz	mel	miód	hachimitsu 蜂蜜	feng1mi4 蜂蜜	3342	c	N	food, sweet, sticky, bee make	%
horizontal	vízszintes	horizontalis	horizontalny	suihei 水平	shui3ping2 水平	3144	u	A	direction, flat(ground) has, still(water) has	%
horse	ló	equus	koń	uma 馬	ma3 马	1547	e	N	animal, animal, has[four (leg)], ride ins_, pull	%RG
hot	forró	fervens	gorący	atsui 熱い	re4 热	862	u	A	temperature, high	%
hour	óra	hora	godzina	jikan 時間	xiao3shi2 小时	1834	c	N	time, unit, day has <24>, has <60>(minute)	%
house	ház	domus	dom	ie 家	fang2zi 房子	963	e	N	building, home	%
human	ember	homo	człowiek	ningen 人間	ren2 人	658	e	N	man/659	%
hurt	bánt	laedo	ranić	itai 痛い	shang1hai4 伤害	200	u	V	cause_ {=pat has pain}, offend	%
husband	férj	vir/maritus	mąż	otto 夫	zhang4fu 丈夫	745	e	N	male, has wife, "to/of _" mark_ wife	%
ice	jég	glacies	lód	kōri 氷	bing1 冰	1178	e	N	water, cold, hard	%
idea	eszme	opinio	idea	kangae 考え	si1xiang3 思想	703	e	N	in mind, think make	%
ill	beteg	aeger	chory	byōki 病気	sheng1bing4 生病	273	u	A	has disease, lack healthy	%
image	kép	imago	obraz	gazō 画像	tu2hua4 图画	1242	u	N	has form, resemble object, gen see, represent object, "of _" mark_ object	%
imagination	fantázia	imaginatio	wyobraźnia	sōzōryoku 想像力	xiang3xiang4li4 想像力	725	e	N	make mental(image), lack see, <picture>	%
important	fontos	gravis	ważny	jūyō 重要	zhong4yao4 重要	853	u	A	cause, has value	%
in	-ba	In	do	nakae 中へ	li3	10	c	G	place, =agt at place, =pat[place] contain =agt, "in _" mark_ place	%
in	-ban	in	w	nai 内	nei4 内	2758	c	G	place, =agt at place, =pat[place] contain =agt, "in _" mark_ place	%could be primitive
information	információ	nuntiatio	informacja	jōhō 情報	xin4xi1 信息	1141	c	N	liquid, study give, experience give, gen know	%
injury	sérülés	vulnus	rana	kega 怪我 (kizu 傷)	wai4shang1 外伤	3360	e	N	damage, body has	%
ins_	-val	per	-em	de で	yong4 用	702	u	G	=pat make =agt[easy]	%  %instrumental case
insect	rovar	insectum	owad	mushi 虫	chong2zi 虫子	2048	u	N	small(animal), has leg[six], has head, <has wing>	%has thorax, has abdomen
institution	intézmény	institutio	instytucja	kikan 機関	ji1gou4 机构	3372	e	N	organize at, work at, has purpose, system, society/2285 has, has long(past), building, people in, conform norm	%
instrument	eszköz	instrumentum	narzędzie	kigu 器具	gong1ju4 工具	701	u	N	object, work ins_, gen use, has purpose, at hand	%
intense	nagyfokú	vehemens	intensywny	hageshii 激しい	qiang2lie4 强烈	3369	e	A	er_ gen, extreme	%
interrupt	megszakít	interrumpo	przeszkadzać	chūdan-suru 中断する	da3duan4 打断	1645	u	V	=agt cause_[pause in =pat]	%
iron	vas	ferrum	żelazo	tetsu 鉄	tie3 铁	2589	e	N	hard(metal)	%
is_a	van	sum	być	aru ある	shi4 是	2585	p	V	is_a	%copula_
item	tétel	item	pozycja	kōmoku 項目	xiang4mu4 项目	3343	c	N	one, in list, in group, in set/2746	%single
ivory	elefántcsont	ebur	kość_słoniowa	zōge 象牙	xiang4ya2 象牙	3606	u	N	bone, elephant has	%
jaw	álkapocs	maxilla	szczęka	ago あご	xia4ge2 下颌	72	e	N	organ, animal has, at mouth, tooth at, part_of face	%
join	csatlakozik	comitor	dołączyć	sanka-suru 参加する	jia1ru4 加入	392	e	V	after(together)	%  %implies before(separate)
joint	izület	articulus	staw	kansetsu 関節	guan1jie2 关节	1169	u	N	part, join at	%
joy	öröm	gaudium	radość	yorokobi 喜び	huan1le4 欢乐	1856	u	N	sensation, good	%
judge	bíró	iudex	sędzia	saibankan 裁判官	fa3guan1 法官	289	c	N	human, part_of court/3124, decide, make official(opinion)	%
kind	kedves	benignus	miły	suki-na 好きな	hao3xin1 好心	1274	u	A	like/3382, help	%
king	király	rex	król	ōja 王者	guo2wang2 国王	1350	u	N	monarch, man/744, lead/2617 country, part_of royal(family)	%
knife	kés	culter	nóż	naifu ナイフ	dao1 刀	1256	e	N	instrument, for_ cut, has blade[<metal>], has handle	%
know	tud	scio	wiedzieć	shiru 知る	zhi1dao4 知道	2455	u	V	=agt has information, information connect =pat	%
lack	hiányzik	desum	brak	kaku  欠く	que1shao3 缺少	3306	p	V	lack	%
land	föld	ager	ziemia	tochi 土地	tu3di4 土地	816	u	N	solid, ground, area/2366	%
large	nagy	grandis	duży	ōkii 大きい	da4 大	1745	e	A	big	%
law	jog	ius	prawo	hōritsu 法律	fa3lü4 法律	1200	u	N	rule, system, society/2285 has, official/1065, norm	%
lead	ólom	plumbum	ołów	namari 鉛	qian1 铅	1832	e	N	metal, soft 	%
lead	vezet	duco	prowadzić	michibiku 導く	dai4ling3 带领	2617	e	V	=agt cause_ {=pat[change]}	%naive_theo: x lead/2617 y, y lead/2617 z implies x lead/2617 z
leaf	falevél	folium	liść	ha 葉	ye4 叶	723	c	N	organ, green, flat, at stem, part_of plant	%
leg	láb	pes	noga	ashi 脚	tui3 腿	1467	c	N	limb, animal has, move ins_, support, low	%
legal	jogi	iuris	prawo	hōteki 法的	fa3lü4 de 法律的	2806	e	A	law	%
lens	lencse	lenticula	soczewica	renzu レンズ	jing4tou2 镜头	3344	e	N	shape, part_of camera, light/739 through, for_ clear(image), <glass>[curve], image has different(size), <look ins_>	%
letter	levél	litterae	list	tegami 手紙	xin4 信	1539	e	N	message, gen write	%
letter	betű	littera	litera	moji 文字	zi4mu3 字母	278	e	N	symbol, small, mark_ sound, gen write	%
level	szint	tabulatum	poziom	suijun 水準	shui3ping2 水平	2781	e	N	position, at scale	%
lid	fedél	operculum	pokrywka	lid ふた	gai4zi 盖子	751	u	N	cover, hollow has	%
life	élet	vita	źycie	inochi 命	sheng1huo2 生活	505	u	N	live	%
light	könnyű	levis	lekki	karui 軽い	qing1 轻	1381	e	A	weight(gen er_)	%
light	fény	lux	światło	hikari 光り	guang1 光	739	c	N	material, wave, cause_[animal see thing], beam/2722	%
light	gyújt	accendo	zapalać	hi o tsukeru 火をつける	dian3ran2 点燃	944	e	V	after(=pat burn)	%
like	kedvel	amo	lubić	konomu 好む	xi3huan 喜欢	3382	e	V	feel {=pat[good], good for_ =agt}	%
limb	végtag	membrum	kończyna	teashi 手足	zhi1 肢	3345	e	N	part_of body, leg is_a, arm is_a	%
limit	határ	terminus	ograniczenię	seigen 制限	xian4zhi4 限制	1012	e	N	lack further	%
line	sor	versus	rząd	gyō 行	hang2lie4 行列	2118	u	N	shape, long, has position, has direction, <straight/563>	%mark, next to each other
liquid	folyékony	fluidus	płynny	ekitai 液体	ye4ti3 液体	846	u	A	substance, flow, has shape[change]	%
list	lista	tabulae	lista	ichiranhyō 一覧表	lie4biao3 列表	1544	e	N	series, item member, written	%
little	kis	parvus	mały	chiisai 小さい	xiao3 小	1355	e	A	small	%
live	él	vivo	żyć	ikiru 生きる	sheng1huo2 生活	504	u	U	exist, breathe, grow, reproduce, eat, act, change	%
long	hosszú	longus	długi	nagai 長い	chang2 长	1086	c	A	gen er_ size[horizontal], has axis	%
lose	elveszít	amitto	gubić	nakusu 無くす	diu1 丢	656	e	V	after(lack)	%
loud	hangos	clarud	głośny	urusai うるさい	xiang3liang4 响亮	995	e	A	sound/993, intense	%
love	szeret	amo	kochać	ai-suru 愛する	ai4 爱	2200	u	V	emotion, good, =pat[person], care/82	%
low	alacsony	demissus	niski	hikui 低い	di3 低	139	u	A	height(gen er_)	%
lung	tüdő	pulmo	płuco	hai肺	fei4 肺	2441	u	N	organ, breathe ins_	%
machine	gép	machina	maszyna	kikai 機械	ji1qi4 机器	894	u	N	object, work	%
main	fő	primus	główny	omona 主な	zhu3yao4 主要	818	e	A	er_ other, rank, lead/2617	%
make	csinál	facio	robić	suru する	zuo4 做	409	u	V	=agt cause_ {=pat[exist]}	%RA%
male	hím	mas	samiec	osu 雄	nan2 男	1039	e	N	sex	%
mammal	emlős	mammalia	ssak	honyūrui 哺乳類	bu3ru3_dong4wu4 哺乳动物	2729	c	N	animal, has fur, has milk	%ND
man	ember	homo	człowiek	hito 人	ren2 人	659	e	N	animal, has two(leg), has two(hand), think, can/1246(speak), can/1246(work), has society/2285	%opposed to animal, divine person, or machine
man	férfi	vir	mężczyzna	otoko 男	nan2 男	744	e	N	person, male	%
many	sok	multus	wiele	takusan たくさん	duo1 多	2113	u	A	quantity, er_ gen	%
mark	jel	nota	znak	shirushi 印	biao1ji4 标记	1182	u	N	sign, visible	%
mark_	jelöl	nota	znak	shirusu 標す	biao1zhi4 标志	3331	u	V	=agt[sign], =pat[meaning], represent	%
marriage	házasság	nuptiae	małżeństwo	kekkon 結婚	hun1yin1 婚姻	1487	c	N	legal(union), husband part_of, wife part_of	%
mass	tömeg	massa	masa	shitsuryō 質量	zhi4liang4 质量	2410	e	N	amount, object has	%
material	anyag	materialis	materiał	genryō 原料	cai2liao4 材料	2798	u	N	object, real, <build> use	%
mean	jelent	sibi_vult	znaczyć	imi-suru 意味する	yi4wei4zhe 意味着	1186	e	V	=agt represent =pat, =agt[sign]	%
meaning	értelem	significatio	znaczenie	imi 意味	yi4si 意思	528	e	N	information in mind, sign represent	%
measure	mérték	mensura	miara	teido 程度	ce4du4 测度	1608	e	N	cause_[person know quantity]	%
meat	hús	caro	mięso	niku 肉	rou4 肉	1094	u	N	flesh, food, animal[<mammal>] has	%
member	tag	membrum/socius	członek	in 員	cheng2yuan2 成员	2293	u	N	group has, in group	%
memory	emlékezet	memoria	pamięć	kioku 記憶	ji4yi4 记忆	666	u	N	information, human has, connect past	%
mental	szellemi	spiritualis	mentalny	seishinteki 精神的	jing1shen2 de 精神的	3039	u	A	in mind	%
message	üzen	nuntio	wiadomość	dengon 伝言	xin4xi1 信息	2508	u	V	information, <written>	%
metal	fém	metallum	metal	kinzoku 金属	jin1shu3 金属	738	u	N	material, solid, shine, conduct electricity	%
middle	közép	media_pars	środek	mannaka 真ん中	zhong1jian1 中间	1410	u	N	part, place/1026, near centre	%
milk	tej	lac	mleko	gyūnyū 牛乳	nai3 奶	2337	c	N	liquid, white, cow make, fat/3337 in	%
mind	tudat	conscientia	umysł	seishin 精神	tou2nao3 头脑	2457	c	N	human has, in brain, human has brain, think ins_, perceive ins_, emotion ins_, will ins_, memory ins_, imagination ins_	%
mineral	ásvány	metallum	minerał	kōbutsu 鉱物	kuang4wu4 矿物	97	u	N	substance, solid, natural, in Earth	%
minute	perc	minutum	minuta	fun 分	fen1 分	1956	e	N	time, unit, has second/1570, hour has	%
monarch	uralkodó	rex	monarcha	kunshu 君主	jun1zhu3 君主	3370	c	N	king is_a, queen is_a, lead/2617 country	%
money	pénz	pecunia	pieniądze	okane お金	qian2 钱	1952	u	N	artefact, for_ exchange, has value, official/1065	%
month	hónap	mensis	miesiąc	tsuki 月	yue4 月	1068	e	N	unit, time, <twelve>, part_of year	%
more	több	plus	więcej	motto もっと	geng4duo1 更多	2404	u	A	quantity, er_ gen	%
most	legtöbb	plurimus	najwięcej	mottomo 最も	zui4duo1 最多	1518	e	A	all er_	%
motion	mozgás	motus	ruch	ugoki 動き	dong4zuo4 动作	1729	e	N	move	%
mountain	hegy	mons	góra	yama 山	shan1 山	1024	c	N	object, on Earth, natural, high, has <steep/1673>(side), high(er_ hill)	%
mouth	száj	os	usta	kuchi 口	kou3 口	2137	c	N	organ, on face, food in, speak ins_, can/1246(open/1814)	%
move	mozog	moveor	ruszać_się	ugoku 動く	dong4 动	1731	u	U	before(=agt at place/1026), after(=agt at other(place/1026))	%
much	sok	multus	wiele	ōi 多い	duo1 多	2114	e	A	many	%
mud	sár	lutum	błoto	doro 泥	ni2 泥	2056	u	N	wet, soil, soft, sticky, water in	%
muscle	izom	musculus	mięsień	kinniku 筋肉	ji1rou4 肌肉	1168	e	N	material, animal has, move	%
must	kell	debet	musieć	beki べき	bi4xu1 必须	1286	u	G	lack choose	%hungarian and english cases differ
natural	természetes	naturalis	naturalny	tennen 天然	zi4ran2 自然	2972	e	A	normal	%
near	közeli	propinquus	bliski	chikai 近い	jin4 近	1414	u	A	distance, gen er_ distance	%
neck	nyak	cervices	szyja	kubi 首	bo2zi 脖子	1803	u	N	part_of body, cause_[head at]	%
need	szükség	necessitas	potrzeba	hitsuyōsei 必要性	xu1yao4 需要	2259	e	N	=agt want =pat	%
needle	tű	acus	igła	hari 針	zhen1 针	2448	e	N	artefact, long, thin/2598, steel, pierce, has hole, <sew ins_>	%
nervous	ideges	trepidus	zdenerwowany	kinchōsuru 緊張する	jin3zhang1 紧张	2721	u	A	feel fright	%
nice	kedves	dulcis	miły	yoi 良い	you3shan4 友善	1275	e	A	cause_ joy	%
night	éj	nox	noc	yoru 夜	ye4 夜	500	u	N	period, follow sunset, sunrise follow, dark, lack sun, <sleep at>	%
noise	zaj	fremitus	hałas	sōon 騒音	zao4yin1 噪音	2671	u	N	sound/993, <bad>, loud, frighten gen	%
norm	szabály	regula	norma	kijun 基準	gui1fan4 规范	3361	u	N	good for_ society	%
normal	rendes	naturalis	normalny	futsū 普通	zheng4chang2 正常	2799	u	A	resemble other	%
nose	orr	nasus	nos	hana 鼻	bi2zi 鼻子	1912	e	N	organ, part_of face, animal has face, front, at centre, smell, air[move] in	%
notice	észrevesz	animadverto	zauważać	kizuku 気づく	zhu1yi4dao4 注意到	540	e	V	know, see	%
now	most	nunc	teraz	ima 今	xian4zai4 现在	1726	c	A	time, this	%
number	szám	numerus	numer	bangō 番号	hao4 号	2138	u	N	quantity	%
object	tárgy	corpus	przedmiot	mono 物	shi4wu4 事物	2705	c	N	thing, <has colour>, has shape, has weight, <has surface>, has position, <lack life>	%has orientation
ocean	óceán	oceanus	ocean	kaiyō 海洋	hai3yang2 海洋	1829	u	N	water, salt in, cover most(Earth)	%
offend	bánt	offendo	obrazić	okoraseru 怒らせる	mao4fan4 冒犯	201	e	V	=agt cause_[harm at =pat]	%
official	hivalatalos	publicus	oficjalny	kōshiki 公式	guan1fang1 官方	1065	e	A	has authority	%
official	tisztviselő	officialis	urzędnik	shokuin 職員	guan1 官	2398	e	N	person, has authority	%
often	gyakran	saepe	często	yoku よく	jing1chang2 经常	921	u	D	many in time, little(distance) between	%
on	-n	super	na	no ue の上	zai4 ... shang4mian4 在 ...  上面	33	u	G	at, =agt touch =pat, <high(=agt er_ =pat)>	%
one	egy	unus	jeden	ichi 一	yi1 一	559	u	N	number, lack other  	%
open	nyílt	apertus	otwarty	aite iru 開いている	gong1kai1 公开	1814	e	A	move[can/1246], move through, lack shut/2668	%
open	nyit	aperio	otwierać	akeru 開ける	kai1 开	1815	e	V	after(=pat open/1814)	%
opinion	nézet	opinio	zdanie	iken 意見	yi4jian4 意见	1768	u	N	thought, person has, person[confident], person lack proof	%
opponent	ellenfél	adversarius	przeciwnik	hantai-sha 反対者	dui4shou3 对手	631	e	N	person, oppose, <compete>, <in battle>	%contradicting defaults?
oppose	ellenez	adversor	sprzeciwić_się	hantai-suru 反対する	fan3dui4 反对	630	u	V	fight	%
or	vagy	vel	albo	mata また	hai2shi4 还是	2568	p	G	"_ or _" mark_ choose	%primitive
order	sorrend	ordo	porządek	junban 順番	shun4xu4 顺序	2739	e	N	relation, more(item) has, first part_of	%
organ	szerv	membrum	narząd	zōki 臓器	qi4guan1 器官	2203	u	N	object, part_of body, has purpose	%
organization	szervezet	societas	organizacja	soshiki 組織	zu3zhi1 组织	2204	u	N	group, person member, has purpose, structure	%
organize	szervez	compono	organizować	setsuritsu-suru 設立する	zu3zhi1 组织	2949	u	V	=agt cause_ {=pat has structure}	%
other	más	alius	inny	hoka 他	qi2ta1 其他	1567	p	N	different	%
out	ki	foras	wy-	soto 外	wai4 外	1316	e	D	lack in	%
outdoor	külső	externus	na_zewnątrz	soto  外	men2wai4 门外	1455	e	A	place lack {in building}	%
outer	külső	exterior	zewnętrzny	soto no 外の	wai4mian4 外面	1456	e	A	part, other(part) in	%
owner	tulajdonos	possessor	posiadacz	mochinushi 持ち主	suo2you2zhe 所有者	3610	e	N	=agt, =agt has	%
page	lap	pagina	strona	pēji 頁	ye4 页	1491	e	N	artefact, surface, paper has, write on, in <book>	%
pain	kín	cruciatus	ból	itami 痛み	teng2tong4 疼痛	1318	u	N	bad, sensation, injury cause_	%
paint	fest	pingo	malować	penki o nuru ペンキを塗る	tu2se4 涂色	795	c	V	=agt cause_ {=pat[liquid] cover surface, =pat[picture] on surface}, liquid has colour, decorate, ins_ brush	%German streichen/bemalen vs malen
palm	tenyér	palma	dłoń	te no hira 手の平	shou3zhang3 手掌	3630	e	N	surface, hand has, hold	%
paper	papír	charta	papier	kami 紙	zhi3 纸	1940	e	N	material, from wood, flexible, sheet, has two(side)	%
parallel	párhuzamos	parallelus	równoległy	heikō 平行	ping2xing2 平行	1931	e	A	constant(distance) between, lack contact	%
parent	szülő	parens	rodzic	oya 親	fu4mu3 父母	2266	c	N	make child	%
part	rész	pars	część	bubun 部分	bu4fen 部分	1997	u	N	in, connected	%
part_of	rész	pars	część	no ichibu の一部	... de yi1bu4fen 的一部分	3368	p	G	part_of	%   %primitive but can be replaced by part, in, connected
particle	darabka	particula	cząstka	ryūshi 粒子	li4zi3 粒子	3373	u	N	piece, separate, small	%
passenger	utas	viator/vector	pasażer	jōkyaku 乗客	cheng2ke4 乘客	2534	u	N	person, person[travel], person in vehicle, other(person) drive vehicle	%
past	múlt	praeterita	przeszłość	kako 過去	guo4qu4 过去	1732	u	N	period, part_of time, now follow	%
pause	szünet	intermissio	przerwa	kyūkei 休憩	ting1dun4 停顿	2267	e	N	lack action, before(action), after(action)	%
pay	bér	pretium	pensja	kyūryō 給料	gong1zi1 工资	237	e	N	money, before(=pat work), after(=pat has)	%
pay	fizet	persolvo	płacić	shiharau 支払う	zhi1fu4 支付	812	e	V	=agt give money	  %
people	nép	populus	ludzie	shomin 庶民	ren2min2 人民	1762	u	N	human(group)	%
perceive	érzékel	percipio	dostrzegać	kizuku 気づく	gan3zhi1 感知	531	u	V	know, ins_ sense, hear is_a, smell is_a, see is_a, touch is_a	%
period	időtartam	tempestas	okres	kikan 期間	qi1jian1 期间	1123	u	N	time, has start, has end	%
person	személy	persona	osoba	jinbutsu 人物	ren2wu4 人物	2185	c	N	man/659	%
photograph	kép	photographia	zdjęcie	shashin 写真	zhao4pian4 照片	1243	e	N	image, camera make	%
phrase	mondat	sententia	fraza	ku 句	duan3yu3 短语	1721	e	N	sign, at text, has word	%
physical	fizikai	corporalis	fizyczny	butsuriteki 物理的	wu4zhi2 物质	2809	u	A	body has	%
picture	kép	pictura	obraz	e 絵	huar4 画儿	1244	u	N	image	%
piece	darab	pars	kawałek	ko 個	kuai4 块	449	e	N	thing, small, part_of thing[large]	%
pierce	szúr	figo	przekłuwać	sasu 刺す	ci4 刺	2256	e	V	=agt cause_[hole in =pat], ins_ sharp	%
pipe	cső	fistula	rura	kan 管	guan3zi 管子	418	u	N	artefact, space/2327 in, cylinder, liquid[move] in	%
place	hely	locus	miejsce	basho 場所	di4fang1 地方	1026	c	N	point, gen at	%place_
place	tér	spatium	przestrzeń	kūkan 空間	kong1jian1 空间	2326	c	N	thing in/2758	%bound_
plan	terv	propositum	plan	keikaku 計画	ji4hua4 计划	2369	e	N	after(structure)	%
plane	repülő	aeroplanum	samolot	hikōki 飛行機	fei1ji1 飞机	2807	e	N	vehicle, fly, has two(wing), <has engine>	%
planet	égitest	planeta	planeta	wakusei 惑星	xing2xing1 行星	3599	e	N	object, in space/2509, size(er_ gen)	%
plant	növény	planta	roślina	shokubutsu 植物	zhi2wu4 植物	2792	c	N	live, lack move, has leaf[many], has root, at soil	%
pleasant	kellemes	iucundus	przyjemny	kaiteki 快適	shu1fu 舒服	1288	u	A	nice	%
point	pont	punctum	punkt	ten 点	dian3 点	1969	u	N	place, lack part_of	%
polish	fényez	polio	polerować	migaku 磨く	mo2guang1 磨光	740	u	V	=agt cause_ surface[smooth, shine], =pat has surface	%
political	politikai	civilis	polityczny	seijiteki 政治的	zheng4zhi4 de 政治的	1965	e	A	politics	%
politics	politika	consilium	polityka	seiji 政治	zheng4zhi4 政治	1964	u	N	activity, get power	%
position	hely	locus	miejsce	basho 場所	wei4zhi4 位置	1027	u	N	place/1026	%
possibility	lehetőség	potestas	możliwość	kanōsei 可能性	ke3neng2xing4 可能性	1524	e	N	possible	%
possible	lehetséges	possibilis	możliwy	kanō 可能	ke3neng2 可能	1525	u	A	gen allow, can/1246	%
powder	por	pulvis	puder	kona 粉	fen3 粉	1971	u	N	substance, more(particle)	%
power	erő	vis	moc	chikara 力	li4liang4 力量	684	e	N	cause_ change	%
power	hajt	propello	napędzać	ugokasu 動かす	fa1dong4 发动	979	e	V	cause_ change<move>	%
practice	űz	exerceo	praktykować	renshū-suru 練習する	lian4xi2 练习	2512	u	V	do, frequent	%
pressure	nyomás	pressio	ciśnienie	atsuryoku 圧力	ya4li4 压力	3132	e	N	force, gas has	%
price	ár	pretium	cena	nedan 値段　	jia4ge2 价格	86	e	N	amount, gen pay/812, at exchange	%
problem	probléma	problem	problem	mondai 問題	wen4ti2 问题	2785	e	N	situation, difficult, after(solve)	%
product	termék	fructus	produkt	seihin 製品	zhi4pin3 制品	2359	e	N	artefact, for_ sell	%
programme	műsor	programma	program	bangumi 番組	jie2mu4 节目	2948	u	N	plan, action, in television	%
proof	bizonyíték	indicium	dowód	shōko 証拠	zheng4ju4 证据	298	u	N	prove	%
protect	véd	tueor	chronić	mamoru 守る	bao3hu4 保护	2593	e	V	=agt cause_ {=pat[safe]}	%
prove	igazol	demonstro	udowadniać	shōmei-suru 証明する	zheng4ming2 证明	1127	e	V	after(other(people) know =pat[true]), real ins_	%
public	köz-	publicus	publiczny	kōteki 公的	gong1gong4 公共	1407	u	A	lack owner	%
pull	húz	vello	ciagnąć	hiku 引く	la1 拉	1096	e	V	=agt cause_ {=pat at =agt}	%
purpose	cél	propositum	cel	mokuteki 目的	mu4di4 目的	365	u	N	gen want	%
put	tesz	pono	kłaść	oku 置く	fang4 放	2374	e	V	=agt cause_ {=pat at place}, =agt move =pat, "locative" mark_ place	%
quality	minőség	qualitas	jakość	shitsu 質	zhi4liang4 质量	1699	u	N	gen has, characteristic, <good>	%
quantity	mennyiség	quantitas	ilość	ryō 量	liang4 量	1667	c	N	gen count, gen measure, <much>	%
queen	királynő	regina	królowa	jōo 女王	nü3wang2 女王	1353	e	N	woman, monarch	%
quick	gyors	celer	szybki	hayai 速い	kuai4 快	941	e	A	act in short(time)	%
quiet	halk	submissus	cichy	shizuka 静か	ji4jing4 寂静	986	e	A	lack noise	%
radio	rádió	radiophonum	radio	rajio ラジオ	shou1yin1ji1 收音机	1982	e	N	device, wave in air, communicate, device make sound/993, programme in, broadcast	%
rain	eső	pluvia	deszcz	ame 雨	yu3 雨	698	e	N	water, from atmosphere, fall/2694, many(drop), weather	%
raise	nevel	educo	wychowywać	sodateru 育てる	yang3 养	1788	e	V	help {=pat grow}	%
raise	emel	elevo	unieść	ageru 上げる	ti2gao1 提高	661	e	V	after(=pat[high])	%
range	terület	spatium	zasięg	han'i 範囲	fan4wei2 范围	2367	e	N	many, between gen , different	%
rank	rang	dignitas	ranga	jun'i 順位	xian2 衔	1992	u	N	position, in organization, official/2398, in <army>, in <police>, in <navy>	%in society
read	olvas	lego	czytać	yomu 読む	du2 读	1908	e	V	=agt cause_ {meaning in mind}, =pat[written] has meaning, =agt has mind	%inspired by Randall 2.2.3.3 (44)
real	igazi	verus	prawdziwy	hontō no 本当の	zhen1shi2 真实	1126	u	A	exist	%
realize	észre_vesz	intelligo	zauważyć	kizuku 気づく	yi4shi2dao4 意识到	2956	e	V	after(know)	%
reason	ok	ratio	powód	gen'in 原因	yuan2yin1 原因	1892	e	N	cause_ thing, gen understand thing	%
receive	kap	nanciscor	dostawać	morau もらう	shou1dao4 收到	1225	u	V	get/1223	%
recent	minapi	nuper	ostatni	saikin 最近	zui4jin4 最近	1692	e	A	time, before now, near	%
rectangular	négyszögletű	rectagonus	prostokątny	chōhōkei 長方形	ju3xing2 矩形	3133	u	A	has side[four, parallel], has four(corner)	%
red	vörös	ruber	czerwony	akai 赤い	hong2 红	2658	c	N	colour, warm, fire has colour, blood has colour, resemble anger	%ND
regular	szabályos	ordinatus	zwykły	kisokuteki 規則的	chang2gui1 常规	2147	u	A	conform rule	%
relation	viszony	ratio	związek	kankei 関係	guan1xi4 关系	2646	u	N	one at, other at	%
religion	vallás	religio	religia	shūkyō 宗教	zong1jiao4 宗教	2580	e	N	system, faith has system	%ND
religious	vallásos	religiosus	religijny	shūkyō(jō)no 宗教上の	zong1jiao4 de 宗教的	2581	u	A	has religion, has faith	%ND
remember	emlékezik	memini	pamiętać	oboeru 覚える	ji4zhu4 记住	667	u	V	=pat in mind, =agt has mind	%
report	hír	nuntius	raport	oshirase お知らせ	bao4gao4 报告	1042	e	N	information, connect recent(event), detail in	%HUN jelente1s
represent	mutat	monstro	pokazywać	daihyō-suru 代表する	dai4biao3 代表	1741	c	V	sign has meaning, =agt[sign], =pat[meaning]	%
reproduce	szaporodik	propago	reprodukować	hanshoku-suru 繁殖する	fu4zhi4 复制	3138	e	U	=agt make other[similar]	%
resemble	hasonlít	similis	przypominać	niru 似る	xiang4 像	3397	e	V	=agt has quality, =pat has quality	%
responsible	felelős	cui_ratio_reddenda_est	odpowiedzialny	tantōsha 担当者	fu4 ze2ren4 de 负责任的	766	c	A	has control, has authority, has blame	%
rest	pihen	quiesco	odpoczywać	yasumu 休む	xiu1xi 休息	1959	c	U	quiet, calm, before(tired), after(has energy)	%
rice	rizs	oryza	ryż	kome 米	mi3 米	2021	e	N	plant, food, grain, in Asia	%
ride	lovagol	equito	jeździć_konno	uma ni noru 馬に乗る	qi2 骑	1555	e	U	travel, =agt on <horse>, ins_ <horse>	%
rigid	merev	rigidus	sztywny	katai 硬い	ying4xing4 硬性	3131	u	A	has shape, shape lack change	%
road	út	via	droga	michi 道	lu4 路	2481	e	N	way, has hard (surface), vehicle on	%
roof	tető	tectum	dach	yane 屋根	wu1ding3 屋顶	2376	u	N	top, part_of house	%
room	szoba	conclave	pokój	heya 部屋	wu1zi 屋子	2235	c	N	place/1026, has more(wall), part_of building, has floor, has ceiling	%
root	gyökér	radix	korzeń	ne 根	gen1 根	936	u	N	under ground, part_of plant, support, at base/146	%
rope	kötél	restis	lina	nawa 縄	sheng2zi 绳子	1396	u	N	artefact, long, flexible	%
round	kerek	rotundus	okrągły	marui 丸い	yuan2 圆	1295	c	A	circular/1294	%
royal	királyi	regius	królewski	ōshitsu王室	huang2jia1 皇家	1352	e	A	monarch	%
rule	szabály	regula	reguła	kisoku規則	gui1ze2 规则	2530	u	N	govern	%
run	fut	curro	biegać	hashiru 走る	pao3 跑	882	e	U	move, fast/940, ins_ foot	%
sad	szomorú	miserabilis	smutny	kanashii 悲しい	bei1shang1 悲伤	2248	e	A	emotion, bad	%
safe	biztos	tutus	bezpieczny	safe 安全	an1quan2 安全	303	u	A	lack danger	%
salt	só	sal	sól	shio 塩	yan2 盐	2108	e	N	mineral, white, has taste, powder	%
same	azonos	idem	taki_sam/ten_sam	onaji 同じ	xiang1tong2 相同	192	e	A	lack different	%
say	mond	dico	mówić	iu 言う	shuo1 说	1719	e	V	communicate, ins_ sound/993, person hear sound/993, "dative" mark_ person	%
scale	skála	modulus	skala	kibo 規模	gui1mo2 规模	2107	c	N	range, level at, measure ins_, regular	%
screen	képernyö	album	ekran	gamen 画面	ping2mu4 屏幕	2977	e	N	artefact, <part_of electric(machine)>, picture on	%
season	évad	tempus	sezon	jiki 時期	shi2qi1 时期	546	c	N	period, time, part_of year, activity in	%
season	évszak	tempus_anni	pora_roku	kisetsu 季節	ji4jie2 季节	548	c	N	period[<four>], part_of year, spring/2318 is_a, summer is_a, fall/1883 is_a, winter is_a, has weather	%
seat	ülés	sedes	siedzenie	seki 席	zuo4wei4 座位	2494	u	N	sit in	%
second	második	alter	drugi	nibanme 二番目	di4er4 第二	1569	u	A	-th/5[two], follow first	%
see	lát	video	widzieć	mieru 見える	jian4 见	1476	c	V	perceive, ins_ eye	%
seed	mag	semen	nasienie	tane 種	zi3 籽	1577	u	N	organ, part_of plant, make other(plant)	%
self	önmaga	ipse	sam	jibun 自分	zi4- 自; zi4ji3 自己	1851	e	N	=pat[=agt], =agt[=pat]	%
sell	elad	vendo	sprzedać	uru 売る	mai4 卖	595	c	V	=agt cause_ {buyer has =pat}, buyer cause_ {=agt has money_}, dative_ mark_ buyer	%
seller	eladó	venditor	sprzedający	urite 売り手	mai4fang1 卖方	3629	u	N	=agt sell, -er/3627	%
sensation	érzet	affectus	uczucie	kankaku 感覚	gan3jue2 感觉	534	u	N	sense ins_, <touch>	%
sense	érzék	sensus	zmysł	kankaku 感覚	gan3jue2 感觉	2458	e	N	animal has, hear is_a, see is_a, smell is_a, touch is_a, taste is_a	%HUN e1rze1k content: bodily position, temperature, pain, balance
sentence	mondat	sententia	zdanie	bun 文	ju4 句	1722	c	N	in text, has phrase	%
separate	külön	segrego	osobny	bekko 別個	fen1li2 分离	1450	u	V	=agt cause_ {=pat at other(place/1026)}, "from _" mark_ place/1026	%
sequence	sorozat	sequentia	sekwencja	junjo 順序	shun4xu4 顺序	3137	u	N	many(thing) part_of, thing follow other, has order/2739	%
series	sorozat	series	seria	renzoku 連続	xi4lie4 系列	2951	u	N	structure, has item, item follow other(item)	%
set	tesz	pono	kłaść	oku 置く	fang4 放	2375	e	V	=agt cause_ {=pat at position[<stable>,<proper>]}	%
set	kollekció	classis	kolekcja	hitokumi 一組	tao4 套	2746	e	N	group, has many(item), together, unit, item has common(characteristic)	%
seven	hét	septem	siedem	shichi / nana 七	qi1 七	2996	e	A	number, follow six	%
several	sok	multus	kilka	takusan たくさん	hao3ji3ge4 好几个	2116	e	A	many	%
sew	varr	suo	szyć	nuu 縫う	feng2 缝	2588	e	V	=agt cause_[cloth[fix]], ins_ needle, ins_ thread	%make or repair or fasten
sex	nem	sexus	płeć	sei 性	xing4bie2 性别	1780	c	N	male is_a, female is_a	%
shape	alak	figura	kształt	katachi 形	xing2 形	142	u	N	form	%geometrical
sharp	eles	acutus	ostry	surudoi 鋭い	jian1rui4 尖锐	611	u	A	has [<edge>,<point>]	%
sheep	juh	ovis	owca	hitsuji 羊	yang2 羊	1204	e	N	mammal, <at farm>, has wool	%
sheet	lap	charta	kartka	shītsu シーツ	pian4 片	1492	u	N	rectangular, flat	%
shelf	polc	loculus	półka	tana 棚	ge1ban3 搁板	1962	u	N	surface, vertical, hold, store, <rectangular>, rigid	%
shell	kagyló	concha	muszla	kai 貝	bei4ke2 贝壳	1216	u	N	cover[hard, outer], <animal> in	%
shine	fénylik	splendeo	świecić	kagayaku 輝く	fa1guang1 发光	742	u	V	light/739	%
shoot	lő	emitto	strzelać	shoot 撃つ	she4ji2 射击	1551	e	V	after(bullet fly, bullet[fast]), ins_ gun	%
shop	bolt	taberna	sklep	mise 店	shang1dian4 商店	329	u	N	institution, sell in	%
short	rövid	brevis	krótki	mijikai 短い	duan3 短	2029	e	A	size[horizontal] er_ gen	%
shot	lövés	coniectus	strzał	happō 発砲	she4ji2 射击	1550	e	N	shoot	%
shoulder	váll	humerus	ramię	kata 肩	jian1bang3 肩膀	2548	e	N	organ, part_of body, neck at, arm at	%
show	mutat	monstro	pokazywać	miseru 見せる	biao3shi4 表示	1742	e	V	=agt cause_[gen see =pat]	%
shut	zárt	clausus	zamykać	shimatta 閉まった	guan1bi4 关闭	2668	u	A	gen lack [move through]	%
sick	beteg	aeger	chory	byōki 病気	bing4 病	274	u	A	ill, <vomit>	%
side	oldal	latus	strona	men 面	bian1 边	1903	u	N	part, <two>, centre[far], oppose, object has	%
sign	jel	signum	znak	kigō 記号	fu2hao4 符号	1183	c	N	gen perceive, information, show, has meaning	%
signal	jel	signum	signał	aizu 合図	xin4hao4 信号	1184	e	N	communicate, people see	%
similar	hasonló	similis	podobny	nite iru 似ている	xiang1si4 相似	2794	u	A	=agt has quality, =pat has quality, "to _" mark_ =pat	%
sit	ül	sedeo	siedzieć	suwaru 座る	zuo4 坐	2493	c	U	=agt at surface[<seat>], =agt has buttocks, buttocks at surface, =agt has trunk/2759[vertical]	%
situation	helyzet	status	sytuacja	jōkyō 状況	qing2kuang4 情况	2784	u	N	around	%
six	hat	sex	sześć	roku 六	liu4 六	2990	u	A	number, follow five	%
size	méret	magnitudo	rozmiar	ōkisa 大きさ	da4xiao3 大小	1605	c	N	dimension	%
skin	bőr	cutis	skóra	hada 肌	pi2fu1 皮肤	318	u	N	organ, part_of body, cover	%
sky	ég	caelum	niebo	sora 空	tian1 天	496	c	N	high(er_ air), animal see, cloud on, sun on, star on	%has shape[dome]
slide	csúszik	labor	ślizgać_się	suberu 滑る	hua2 滑	434	e	N	move, on surface, has constant(contact)	%
slope	lejt	declivis_est	opadać	saka 坂	qing1xie2 倾斜	1529	e	U	=agt has direction, has end[high], =agt has end[other,low]	%lack(perpendicular), lack(horizontal), diagonal
small	kis	parvus	mały	chiisai 小さい	xiao3 小	1356	u	A	gen er_	%
smell	szag	odor	zapach	nioi 匂い	qi4wei4 气味	2151	c	N	feel ins_ nose, =pat in air	%
smooth	sima	levis	gładki	nameraka 滑らか	guang1hua2 光滑	2092	u	A	surface, easy(slide on)	%
snow	hó	nix	śnieg	yuki 雪	xue3 雪	1066	u	N	ice, fall/2694, soft, white	%
society	társadalom	societas	towarzystwo	shakai 社会	she4hui4 社会	2285	u	N	group, <people> member, has rule	%
soft	puha	mollis	miękki	yawarakai 柔らかい	ruan3 软	1979	c	A	hard(gen er_)	%
soil	talaj	solum	ziemia	tsuchi 土	tu3rang3 土壤	2298	u	N	ground, plant in	%
solid	szilárd	solidus	solidny	kotai 個体	gu4ti3 固体	2216	u	A	firm/2215	%
solve	fejt	solvo	rozwiązać	toku 解く	jie3jue2 解决	760	c	V	work, =pat problem, =agt want {gen lack problem}	%
sorrow	bú	dolor	smutek	kanashii 悲しい	bei1ai1 悲哀	341	u	N	emotion, er_ sad	%
sound	ép	salvus	cały	kenkōteki 健康的	jian4quan2 健全	512	e	A	whole, firm/2215	%ND
sound	hang	sonus	dźwięk	oto 音	sheng1yin1 声音	993	e	N	wave, human hear, in air	%
soup	leves	ius	zupa	sūpu スープ	tang1 汤	1541	e	N	food, liquid	%
sour	erjedt	fermentatus	kwaśny	suppai 酸っぱい	suan1 酸	680	c	A	taste, resemble acid, <bad>	%
space	tér	spatium	przestrzeń	kūkan 空間	kong1jian1 空间	2327	c	N	thing in, empty, three(dimension) in	%
space	űr	vacuum	przestrzeń	uchū 宇宙	yu3zhou4 宇宙	2509	c	N	sun in, star in, atmosphere under	%
speak	beszél	loquor	mówić	hanasu 話す	shuo1hua4 说话	270	u	V	talk	%
speech	beszéd	oratio	przemówienie	hanashi 話	hua4 话	268	u	N	sound, =agt say  	%
split	hasít	findo	dzielić	wareru 割れる	fen1lie4 分裂	1007	e	V	after(separate), <break>	%
spoon	kanál	cochlear	łyżka	supūn スプーン	shao2 勺	1222	u	N	cutlery, {eat soup} ins_, has bowl, has handle	%
spring	tavasz	ver	wiosna	haru 春	chun1tian1 春天	2318	e	N	first(season/548), warm, plant[live], love in, summer follow, follow winter	%ND
stable	stabil	stabilis	stabilny	antei 安定	wen3ding4 稳定	3130	e	A	lack move	%
stand	áll	sto	stać	tatsu 立つ	zhan4 站	74	u	U	=agt[vertical], <=agt on foot[two]>	%
star	csillag	stella	gwiazda	hoshi 星	xing1xing1 星星	408	u	N	planet, shine, dot, at sky, at night	%
start	kezdet	initium	początek	hajime 始め	kai1duan1 开端	1313	e	N	after(act) 	%
state	állam	res_publica	państwo	kokka 国家	guo2jia1 国家	76	u	N	land, political(unit), has government, control self	%
steel	acél	chalybs	stal	kōtetsu 鋼鉄	gang1tie3 钢铁	112	e	N	metal, hard, strong, contain iron, contain carbon	%
stem	tő	stirps	łodyga	kan 幹	gan4 干	2421	u	N	part_of plant, long, leaf on, flower on, fruit on   	%
stem_	szótő	radix	źródło	gokan 語幹	ci2gen1 词根	3280	u	N	part_of word, stable	%naive theo
stick	bot	baculum	kij	bō 棒	bang4 棒	338	e	N	object, long, <wood>, <gen use>	%
sticky	ragadós	glutinosus	klejący	nebaneba ねばねば	nian2 黏	1987	u	A	stick	%
still	nyugodt	quietus	cichy	shizuka 静か	an1jing4 安静	1828	e	A	lack move	%
sting	szúr	pungo	żądlić	sasu 刺す	ci4 刺	2257	u	V	pierce, <insect>	%
stomach	gyomor	venter	żołądek	o-naka お腹	wei4 胃	939	e	N	organ, animal has, tube, food in	%
stop	megáll	consisto	zatrzymać_się	tomaru 留まる	ting2zhi3 停止	1615	e	V	after(=agt lack move)	%
store	bolt	taberna	sklep	mise 店	shang1dian4 商店	330	u	N	shop	%
straight	egyenes	directus	prosty	massugu 真っ直ぐ	zhi2 直	563	e	A	has constant(direction)	%
strong	erős	validus	silny	tsuyoi 強い	qiang2 强	688	e	A	has force[great]	%
structure	szerkezet	structura	struktura	kōzō 構造	jie2gou4 结构	2944	u	N	has more(part), connected	%
student	diák	discipulus/discipula	student	gakusei 学生	xue2sheng1 学生	462	e	N	person, study, in <school>	%
study	tanulmány	studium	nauka	benkyō 勉強	xue2xi2 学习	2305	e	N	work, want know =pat	%=pat part_of discipline
substance	anyag	materia	materia	busshitsu 物質	wu4zhi4 物质	172	u	N	has mass, in space/2327, physical	%
succeed	követ	succedo	podążać	tadoru 辿る	hou4ji4 后继	1401	e	V	=pat before =agt     %after
succeed	sikerrel_jár	bene_cedit	odnieść_sukces	seikō-suru 成功する	cheng2gong1 成功	2718	e	V	after(aim[real]), =agt has aim	%
success	siker	eventum	sukces	seikō 成功	cheng2gong1 成功	2969	u	N	real, good, before(desire)	%
sudden	hirtelen	subitus	nagły	totsuzen 突然	tu1ran2 突然	1061	u	A	lack warn, before(lack (gen know))	%
sugar	cukor	saccharum	cukier	satō 砂糖	tang2 糖	440	u	N	material, sweet, <white>, in food, in drink	%
summer	nyár	aestas	lato	natsu 夏	xia4tian1 夏天	1802	c	N	season/548, follow spring/2318, autumn follow, warm, fruit at, much(life) at, long(day) at	%ND
sun	nap	sol	słońce	taiyō 太陽	tai4yang2 太阳	1755	c	N	planet, give light/739, give heat, bright, yellow, at sky, at day	%RG
sunrise	napkelte	solis_ortus	wschód_słońca	hinode 日の出	ri4chu1 日出	3136	e	N	after(sun at sky)	%
sunset	napnyugta	solis_occasus	zachód_słońca	higure 日暮れ	ri4luo4 日落	3135	e	N	after(sky lack sun)	%
support	tart	asservo	podtrzymywać	sasaeru 支える	zhi1cheng1 支撑	2310	u	V	=agt cause_ =pat[stable], =agt[below]	%
surface	felszin	superficies	powierzchnia	hyōmen 表面	biao3mian4 表面	781	u	N	part, separate, object has part, object in	%
swallow	nyel	voro	połykać	nomikomu 飲み込む	tun1 吞	1805	c	V	=agt cause_ {=pat[move]}, after(=pat in stomach), =pat in mouth, =pat in throat, =agt has stomach, =agt has mouth, =agt has throat	%
sweet	édes	dulcis	słodki	amai 甘い	tian2 甜	495	c	A	taste, good, pleasant, sugar has taste, honey has taste	% %saccharin has taste
symbol	jel	signum	symbol	shōchō 象徴	fu2hao4 符号	2976	u	N	mean/1186, represent	%
system	rendszer	ratio	system	seido 制度	zhi4du4 制度	2015	u	N	group, complex, relation between part	%
table	asztal	mensa	stół	tsukue 机	zhuo1zi 桌子	180	e	N	furniture, has leg[<more>], has surface[flat,horizontal]	%
talk	beszél	loquor	rozmawiac	hanasu 話す	shuo1hua4 说话	269	e	U	communicate, ins_ sentence	%
tall	magas	procerus	wysoki	takai 高い	gao1 高	1581	u	A	height(er_ gen)	%ZsA
taste	íz	sapor	smak	aji 味	wei4dao4 味道	1113	c	N	<food> has, person feel, ins_ tongue	%RA
television	televízió	televisio	telewizor	terebi テレビ	dian4shi4 电视	2343	c	N	electric(equipment), box, has screen, programme on screen, man/659 see programme	%
temperature	hőmérséklet	temperies	temperatura	ondo 温度	wen1du4 温度	1071	c	N	physical, quality, hot	%
temple	halánték	tempora	skroń	komekami こめかみ	bin4bian1 鬓边	982	u	N	flat, side, part_of head	%
text	szöveg	textus	tekst	bunshō 文章	wen2zhang1 文章	3127	u	N	information in, sentence part_of, <written>	%
thick	sűrű	densus	gęsty	misshū 密集	nong2 浓	2134	e	A	lack thin/1038	%
thick	vastag	crassus	gruby	atsui 厚い	hou4 厚	2752	e	A	{distance between surface} er_ gen, has more(surface)	%
thin	híg	liquidus	rzadki	usui 薄い	dan4 淡	1038	e	A	flow( er_ gen)	%
thin	vékony	tenuis	chudy	usui 薄い	bao2 薄	2598	e	A	gen er_ {distance between surface}	%
thing	dolog	res	rzecz	koto こと	dong1xi 东西	481	u	N	exist, <object>	%
think	gondol	cogito	myśleć	omou 思う	xiang3 想	907	u	U	=pat in mind, =agt has mind	%
this	ez	hic/haec/hoc	ten/to/ta	kore これ	zhe4 这	706	u	N	now, near, before(speak)	%indexical
thought	gondolat	cogitatum	myśl	shisō 思想	si1xiang3 思想	908	u	N	idea, in mind	%
thread	szál	filum	nić	ito 糸	xian4 线	366	u	N	fine(cord), <sew ins_>, <in cloth>	%
threaten	fenyeget	minitor	grozić	odokasu 脅かす	wei1xie2 威胁	789	u	V	=agt express {after(=agt cause_ harm)}	%
three	három	tres	trzy	san 三	san1 三	2970	e	A	number, follow two	%
throat	torok	fauces	gardło	nodo のど	hou2long2 喉咙	2432	e	N	organ, pipe, in neck, at mouth	%
through	át	per	przez	tōtte 通って	tong1guo4 通过	100	u	G	before(=agt on side), =pat has side, in =pat, after(=agt on other(side)), =pat has side[other]	%
thumb	hüvelykujj	pollex	kciuk	oyayubi 親指	mu3zhi3 拇指	1098	u	N	part_of hand, human has hand, short, thick/2752	%
time	idő	tempus	czas	jikan 時間	shi2jian1 时间	1120	c	N	event in, has direction, past part_of, now part_of, future part_of	%
tired	fáradt	lassus	zmęczony	tsukarete-iru 疲れている	lei4 累	3634	e	A	want rest  	%
to	-ba	in	do	ni に	jin4 进	12	u	G	after(=agt in =pat) 	%
to	-hoz	ad	do	ni に	dao4 到	2743	u	G	after(=agt at/2744 =pat)	%
to	-ni	-are	-ć/-c	-(C)u 	     3600	u	G	is_a thing, "to/3600 _" mark_ thing	%infinitive
together	együtt	una	razem	issho 一緒	yi4qi3 一起	586	u	D	similar <place, intent>	%
tongue	nyelv	lingua	język	shita 舌	she2tou 舌头	1808	e	N	part_of body, at mouth, taste ins_, speak ins_	%
tool	szerszám	instrumentum	narzędzie	dōgu 道具	gong1ju4 工具	2202	u	N	object, work ins_	%
tooth	fog	dens	ząb	ha 歯	ya2chi3 牙齿	827	c	N	organ, animal has, hard, in jaw, bite/1001 ins_, chew ins_, attack ins_, defend ins_	%
top	tető	culmen	dach	ichiban-ue 一番上	shang4mian4 上面	2377	e	N	part, at position, vertical(position er_ part[other])	%
touch	érint	attingo	dotknąć	sawaru 触る	chu4mo1 触摸	522	u	V	<hand> at =pat[surface], <=agt has hand>, contact, feel surface	%
transport	szállít	veho	transport	unsō-suru 運送する	yun4shu1 运输	3057	u	N	move	%
travel	utazik	iter_facio	podróźować	ryokō-suru 旅行する	lü3xing2 旅行	2537	e	U	after(=agt at place/1026[other,<city>])	%cfg
tree	fa	arbor	drzewo	ki 木	shu4 树	709	e	N	plant, has material[wood], has trunk/2759, has many(branch)	%
true	igaz	verus	prawdziwy	hontō 本当	zhen1 真	1125	c	A	fact	%
trunk	törzs	truncus	tołów	miki 幹	zhu3gan4 主干	2759	u	N	main(part), long, stable	%
try	próbál	tempto	próbować	tamesu 試す	shi4 试	1976	e	V	=agt want =agt[=pat]	%
tube	cső	fistula	rura	tsutsu 筒	guan3zi 管子	419	u	N	pipe	%
turn	forog	versor	kręcić	mawaru 回る	zhuan3dong4 转动	860	u	V	move, change(direction), <has axis>	%
tusk	agyar	dente	kieł	kiba 牙	chang2ya2 长牙	3605	e	N	tooth, long, elephant has	%
two	két	duo	dwa	ni 二	er4 二	2967	u	A	number, one in, other in, follow one	%
under	alá	sub	pod	shita 下	xia4 下	136	u	D	high(=pat er_ =agt)	%
understand	ért	intellego	rozumieć	wakaru わかる	dong3 懂	525	u	V	meaning in mind, =pat has meaning, =agt has mind	%
union	unió	coniunctio	unia	rengō 連合	lian2he2 联合	2525	e	N	together, public	%
unit	egység	omne	jednostka	tan'i 単位	dan1yuan2 单元	3038	u	N	amount, measure	%
upset	izgalom	commotio	poruszenie	fuan 不安	fan2nao3 烦恼	1166	u	N	disturb	%
use	használ	utor	używać	tsukau 使う	yong4 用	1008	u	V	=agt has purpose, =pat help purpose, "for _" mark_ purpose, "to/3600 _" mark_ purpose	%
useful	hasznos	utilis	przydatny	benri 便利	you3li4 有利	3134	e	A	for_ gen	%
value	érték	pretium	wartość	kachi 価値	jia4zhi2 价值	526	e	N	amount, < gen pay/812>	%
vehicle	jármű	vehiculum	pojazd	norimono 乗り物	che1liang4 车辆	1172	c	N	machine, has wheel(many), {move people} ins_, {move object} ins_, car is_a, truck is_a, bus is_a	%
vertical	függőleges	verticalis	pionowy	suichoku 垂直	shu4 竖	869	c	N	direction, has top, has middle, has bottom, Earth pull in direction	%
violent	erőszakos	violentus	gwałtowny	bōryokuteki 暴力的	meng3lie4 猛烈	690	e	A	ins_ physical(force)	%
visible	látható	visibilis	widoczny	mieru 見える	ke3jian4 可见	3128	e	A	can/1246(gen see)	%
wall	fal	murus	ściana	kabe 壁	qiang2 墙	721	u	N	object, vertical, enclose, divide, protect, building has, long, high	%
want	akar	volo	chcieć	hoshii 欲し	yao4 要	131	c	V	=agt feel {=agt need =pat}	%
warm	meleg	calidus	ciepły	atatakai 暖かい	nuan3 暖	1655	e	A	temperature(er_ gen)	%
warm	fűt	calefacio	grzać	atatameru 暖める	jia1wen1 加温	878	e	V	after(warm/1655)	%
warn	figyelmeztet	adverto	oztrzegać	keikoku-suru 警告する	gao4jie4 告诫	803	e	V	cause_ {=pat know danger}	%
water	víz	aqua	woda	mizu 水	shui3 水	2622	u	N	liquid, lack colour, lack taste, lack smell, life need	%
wave	hullám	unda	fala	nami 波	bo1 波	1104	e	N	in sequence, move, on surface, liquid move[vertical], has surface	%
way	út	via	droga	michi 道	lu4 路	2484	u	N	artefact, gen move on, has direction	%
weapon	fegyver	arma	broń	buki 武器	wu3qi4 武器	754	e	N	instrument, fight ins_	%
weather	időjárás	tempestas	pogoda	tenki 天気	tian1qi4 天气	1121	u	N	state/77, atmosphere has, at time, at place/1026, temperature, water in air, wind, air has pressure	%
week	hét	hebdomas	tydzień	shū 週	xing1qi1 星期	1021	u	N	period, time, seven(day) in	%
weight	súly	pondus	waga	omosa 重さ	zhong4liang4 重量	2127	c	N	physical(quantity), heavy	%
wet	nedves	humidus	mokry	nurete-iru 濡れている	shi1 湿	1769	u	A	liquid cover	%
wh	ki/mi/hogy	quo	kto/co/jak	nani 何	he2 何	3636	p	G	wh	%
wheat	búza	triticum	pszenica	komugi 小麦	xiao3mai4 小麦	344	u	N	plant, has grain, make flour	%
wheel	kerék	rota	koło	sharin 車輪	轮 lun2	1293	u	N	artefact, part_of <vehicle>, circular/1294, turn, <has spoke>, <has hub>	%
white	fehér	albus	biały	shiroi 白い	bai2 白	755	c	N	colour, light/739, snow has colour, empty, clear	%
whole	egész	totus	cały	subete 全て	quan2 全	553	c	A	all member	%quantifier
wide	széles	latus	szeroki	hiroi 広い	kuan1guang3 宽广	2166	u	A	distance[great, horizontal] between side, has more(side)	%
wife	feleség	uxor	żona	tsuma 妻	qi1zi 妻子	767	e	N	in marriage, female	%
will	akar	volo	chcieć	hoshii 欲し	yao4 要	132	e	V	want	%
win	győz	vinco	wygrywać	katsu 勝つ	ying2 赢	937	u	U	best, succeed/2718, before(compete), before(effort), get/1223 <prize>	%=agt defeat enemy
wind	szél	ventus	wiatr	kaze 風	feng1 风	2164	e	N	air, move[horizontal]	%
wing	szárny	ala	skrzydło	tubasa 翼	chi4bang3 翅膀	2146	u	N	object, fly ins_, part_of body	%
winter	tél	hiems	zima	fuyu 冬	dong1tian1 冬天	2322	c	N	season/548, follow autumn, spring/2318 follow, cold, snow in, death in	%ND
woman	nő	mulier	kobieta	onna 女	nü3 女	1795	u	N	female, person	%
wood	fa	lignum	drewno	mokuzai 木材	mu4 木	710	c	N	material, hard, tree has	%
wool	gyapjú	lana	wełna	yōmō 羊毛	yang2mao2 羊毛	924	c	N	material, soft, sheep has	%
word	szó	verbum	słowo	kotoba 言葉	dan1ci2 单词	2224	u	N	sign, speech	%
work	munka	opera	praca	shigoto 仕事	gong1zuo4 工作	1740	e	N	useful	%RA
wrist	csukló	articulus	nadgarstek	tekubi 手首	shou3wan4zi 手腕子	438	e	N	organ, joint, at hand, at end, arm has end	%
write	ír	scribo	pisać	kaku 書く	xie3 写	1109	u	V	put {<letter/278>,<more(word)>} on surface<paper>, ins_ {<pen>,<pencil>}	%
written	írott	scritus	napisany	kakareta 書かれた	shu1mian4 书面	3126	u	A	letter/278 on surface[<paper>]	%
year	év	annus	rok	toshi 年	nian2 年	545	c	N	period, time, month part_of	%
yellow	sárga	flavus	żółty	kiiroi 黄色い	huang2 黄	2057	e	N	colour, sun has colour	%
young	fiatal	iuvenis	młody	wakai 若い	nian2qing1 年轻	799	u	N	early, in life	%
